"year","Group","quad","cov.ARTR","Treatment","Period","Gcov.ARTR","species","Y","Treatment2","Treatment3"
1926,"P1E1","Q8",66.9973185295736,"Control","Historical",66.9973185295736,"ARTR",0,"Control","Control"
1926,"P7E1","Q20",44.3887797122469,"Control","Historical",34.7866894066405,"ARTR",0,"Control","Control"
1926,"P7E1","Q19",25.1845991010341,"Control","Historical",34.7866894066405,"ARTR",1,"Control","Control"
1929,"P1E1","Q7",173.702045221915,"Control","Historical",221.469247020119,"ARTR",0,"Control","Control"
1929,"P1E1","Q8",269.236448818322,"Control","Historical",221.469247020119,"ARTR",0,"Control","Control"
1929,"P7E1","Q19",0.25,"Control","Historical",184.727398016167,"ARTR",0,"Control","Control"
1929,"P7E1","Q20",369.204796032334,"Control","Historical",184.727398016167,"ARTR",0,"Control","Control"
1930,"P1","Q11",9.4602559251676,"Control","Historical",42.2621457966663,"ARTR",1,"Control","Control"
1930,"P1","Q13",12.2349782283768,"Control","Historical",42.2621457966663,"ARTR",0,"Control","Control"
1930,"P1","Q12",14.5119498107657,"Control","Historical",42.2621457966663,"ARTR",0,"Control","Control"
1930,"P1","Q14",132.841399222355,"Control","Historical",42.2621457966663,"ARTR",0,"Control","Control"
1930,"P1E1","Q7",377.052162290651,"Control","Historical",301.990897181634,"ARTR",0,"Control","Control"
1930,"P1E1","Q8",442.358313532713,"Control","Historical",301.990897181634,"ARTR",0,"Control","Control"
1930,"P1E1","Q10",86.5622157215389,"Control","Historical",301.990897181634,"ARTR",0,"Control","Control"
1930,"P2","Q17",583.984590332348,"Control","Historical",376.026521256033,"ARTR",0,"Control","Control"
1930,"P2","Q15",619.4992,"Control","Historical",376.026521256033,"ARTR",4,"Control","Control"
1930,"P2","Q16",67.9080379475513,"Control","Historical",376.026521256033,"ARTR",1,"Control","Control"
1930,"P2","Q18",232.714256744233,"Control","Historical",376.026521256033,"ARTR",0,"Control","Control"
1930,"P7E1","Q22",1297.75508150087,"Control","Historical",765.008894025005,"ARTR",0,"Control","Control"
1930,"P7E1","Q20",541.74906723777,"Control","Historical",765.008894025005,"ARTR",0,"Control","Control"
1930,"P7E1","Q21",455.522533336376,"Control","Historical",765.008894025005,"ARTR",2,"Control","Control"
1931,"P1","Q14",166.836046406167,"Control","Historical",66.9417709824273,"ARTR",0,"Control","Control"
1931,"P1","Q11",45.5745388593132,"Control","Historical",66.9417709824273,"ARTR",0,"Control","Control"
1931,"P1","Q13",28.6260107594398,"Control","Historical",66.9417709824273,"ARTR",0,"Control","Control"
1931,"P1","Q12",26.7304879047894,"Control","Historical",66.9417709824273,"ARTR",0,"Control","Control"
1931,"P1E1","Q7",489.776083264666,"Control","Historical",356.213539826165,"ARTR",1,"Control","Control"
1931,"P1E1","Q10",193.582155938651,"Control","Historical",356.213539826165,"ARTR",0,"Control","Control"
1931,"P1E1","Q8",714.535149907869,"Control","Historical",356.213539826165,"ARTR",1,"Control","Control"
1931,"P1E1","Q9",26.9607701934756,"Control","Historical",356.213539826165,"ARTR",0,"Control","Control"
1931,"P2","Q17",574.263160990384,"Control","Historical",402.880592481142,"ARTR",0,"Control","Control"
1931,"P2","Q18",271.528879112492,"Control","Historical",402.880592481142,"ARTR",0,"Control","Control"
1931,"P2","Q15",652.026646637322,"Control","Historical",402.880592481142,"ARTR",0,"Control","Control"
1931,"P2","Q16",113.703683184371,"Control","Historical",402.880592481142,"ARTR",0,"Control","Control"
1931,"P7E1","Q20",683.799912690191,"Control","Historical",796.427959227127,"ARTR",0,"Control","Control"
1931,"P7E1","Q21",559.366561598551,"Control","Historical",796.427959227127,"ARTR",0,"Control","Control"
1931,"P7E1","Q22",1146.11740339264,"Control","Historical",796.427959227127,"ARTR",0,"Control","Control"
1932,"E1","Q1",551.72640438658,"Control","Historical",561.99994809304,"ARTR",3,"Control","Control"
1932,"E1","Q3",1033.32036831115,"Control","Historical",561.99994809304,"ARTR",1,"Control","Control"
1932,"E1","Q6",516.02803046365,"Control","Historical",561.99994809304,"ARTR",3,"Control","Control"
1932,"E1","Q2",384.299817500281,"Control","Historical",561.99994809304,"ARTR",1,"Control","Control"
1932,"E1","Q4",285.635495561096,"Control","Historical",561.99994809304,"ARTR",2,"Control","Control"
1932,"E1","Q5",600.989572335483,"Control","Historical",561.99994809304,"ARTR",1,"Control","Control"
1932,"P1","Q14",218.031480655235,"Control","Historical",98.7318852946392,"ARTR",1,"Control","Control"
1932,"P1","Q13",47.6409344755587,"Control","Historical",98.7318852946392,"ARTR",0,"Control","Control"
1932,"P1","Q11",128.755126047763,"Control","Historical",98.7318852946392,"ARTR",0,"Control","Control"
1932,"P1","Q12",0.5,"Control","Historical",98.7318852946392,"ARTR",0,"Control","Control"
1932,"P10E1","Q24",108.179646539616,"Control","Historical",757.617976990582,"ARTR",0,"Control","Control"
1932,"P10E1","Q23",557.270405952919,"Control","Historical",757.617976990582,"ARTR",2,"Control","Control"
1932,"P10E1","Q25",935.422291287954,"Control","Historical",757.617976990582,"ARTR",1,"Control","Control"
1932,"P10E1","Q26",1429.59956418184,"Control","Historical",757.617976990582,"ARTR",1,"Control","Control"
1932,"P1E1","Q10",208.605704555414,"Control","Historical",832.797553482593,"ARTR",0,"Control","Control"
1932,"P1E1","Q7",772.806472123614,"Control","Historical",832.797553482593,"ARTR",1,"Control","Control"
1932,"P1E1","Q8",1516.98048376875,"Control","Historical",832.797553482593,"ARTR",0,"Control","Control"
1932,"P7E1","Q21",713.831930952544,"Control","Historical",1189.38613211545,"ARTR",0,"Control","Control"
1932,"P7E1","Q20",943.161552497156,"Control","Historical",1189.38613211545,"ARTR",0,"Control","Control"
1932,"P7E1","Q22",1911.16491289666,"Control","Historical",1189.38613211545,"ARTR",1,"Control","Control"
1933,"E1","Q6",743.567505273946,"Control","Historical",670.20670732435,"ARTR",0,"Control","Control"
1933,"E1","Q3",990.250545390241,"Control","Historical",670.20670732435,"ARTR",0,"Control","Control"
1933,"E1","Q1",736.52611628876,"Control","Historical",670.20670732435,"ARTR",1,"Control","Control"
1933,"E1","Q4",288.744622613218,"Control","Historical",670.20670732435,"ARTR",0,"Control","Control"
1933,"E1","Q5",881.645454899208,"Control","Historical",670.20670732435,"ARTR",1,"Control","Control"
1933,"E1","Q2",380.505999480728,"Control","Historical",670.20670732435,"ARTR",3,"Control","Control"
1933,"P1","Q13",79.116832591359,"Control","Historical",200.351009983035,"ARTR",0,"Control","Control"
1933,"P1","Q11",179.398330171897,"Control","Historical",200.351009983035,"ARTR",0,"Control","Control"
1933,"P1","Q12",45.7144627688988,"Control","Historical",200.351009983035,"ARTR",3,"Control","Control"
1933,"P1","Q14",497.174414399987,"Control","Historical",200.351009983035,"ARTR",2,"Control","Control"
1933,"P10E1","Q23",565.136565317575,"Control","Historical",627.225619262752,"ARTR",2,"Control","Control"
1933,"P10E1","Q25",935.038309846144,"Control","Historical",627.225619262752,"ARTR",0,"Control","Control"
1933,"P10E1","Q24",141.263844932346,"Control","Historical",627.225619262752,"ARTR",0,"Control","Control"
1933,"P10E1","Q26",867.463756954942,"Control","Historical",627.225619262752,"ARTR",0,"Control","Control"
1933,"P1E1","Q8",1568.23706194608,"Control","Historical",1117.65082937453,"ARTR",0,"Control","Control"
1933,"P1E1","Q7",1489.57842517356,"Control","Historical",1117.65082937453,"ARTR",7,"Control","Control"
1933,"P1E1","Q10",295.137001003955,"Control","Historical",1117.65082937453,"ARTR",2,"Control","Control"
1933,"P7E1","Q19",0.75,"Control","Historical",1121.69648327673,"ARTR",0,"Control","Control"
1933,"P7E1","Q21",1077.17197834266,"Control","Historical",1121.69648327673,"ARTR",0,"Control","Control"
1933,"P7E1","Q20",1269.53929317814,"Control","Historical",1121.69648327673,"ARTR",0,"Control","Control"
1933,"P7E1","Q22",2139.32466158611,"Control","Historical",1121.69648327673,"ARTR",2,"Control","Control"
1934,"E1","Q3",616.475461645985,"Control","Historical",368.551576581803,"ARTR",1,"Control","Control"
1934,"E1","Q4",199.679505410403,"Control","Historical",368.551576581803,"ARTR",5,"Control","Control"
1934,"E1","Q6",298.414291843288,"Control","Historical",368.551576581803,"ARTR",8,"Control","Control"
1934,"E1","Q2",118.458167734594,"Control","Historical",368.551576581803,"ARTR",9,"Control","Control"
1934,"E1","Q1",468.337221768281,"Control","Historical",368.551576581803,"ARTR",7,"Control","Control"
1934,"E1","Q5",509.944811088264,"Control","Historical",368.551576581803,"ARTR",4,"Control","Control"
1934,"P1","Q14",203.635464105319,"Control","Historical",70.4199501269438,"ARTR",4,"Control","Control"
1934,"P1","Q12",18.4910553861161,"Control","Historical",70.4199501269438,"ARTR",4,"Control","Control"
1934,"P1","Q11",16.7722066839123,"Control","Historical",70.4199501269438,"ARTR",0,"Control","Control"
1934,"P1","Q13",42.781074332428,"Control","Historical",70.4199501269438,"ARTR",3,"Control","Control"
1934,"P10E1","Q25",756.944376713044,"Control","Historical",387.390912751442,"ARTR",1,"Control","Control"
1934,"P10E1","Q23",292.697643142226,"Control","Historical",387.390912751442,"ARTR",4,"Control","Control"
1934,"P10E1","Q26",426.594439669279,"Control","Historical",387.390912751442,"ARTR",10,"Control","Control"
1934,"P10E1","Q24",73.3271914812207,"Control","Historical",387.390912751442,"ARTR",0,"Control","Control"
1934,"P1E1","Q7",940.894998403652,"Control","Historical",661.413039154775,"ARTR",6,"Control","Control"
1934,"P1E1","Q8",1537.89810989677,"Control","Historical",661.413039154775,"ARTR",9,"Control","Control"
1934,"P1E1","Q9",0.25,"Control","Historical",661.413039154775,"ARTR",2,"Control","Control"
1934,"P1E1","Q10",166.609048318679,"Control","Historical",661.413039154775,"ARTR",8,"Control","Control"
1934,"P2","Q17",917.100000473101,"Control","Historical",564.144626436013,"ARTR",0,"Control","Control"
1934,"P2","Q18",44.7311110736226,"Control","Historical",564.144626436013,"ARTR",2,"Control","Control"
1934,"P2","Q16",408.581522597514,"Control","Historical",564.144626436013,"ARTR",3,"Control","Control"
1934,"P2","Q15",886.165871599814,"Control","Historical",564.144626436013,"ARTR",3,"Control","Control"
1934,"P7E1","Q20",1064.39467201052,"Control","Historical",936.454120459008,"ARTR",0,"Control","Control"
1934,"P7E1","Q19",0.5,"Control","Historical",936.454120459008,"ARTR",2,"Control","Control"
1934,"P7E1","Q22",1862.69204180306,"Control","Historical",936.454120459008,"ARTR",0,"Control","Control"
1934,"P7E1","Q21",818.229768022451,"Control","Historical",936.454120459008,"ARTR",1,"Control","Control"
1935,"E1","Q1",1136.63499590299,"Control","Historical",616.024908856641,"ARTR",0,"Control","Control"
1935,"E1","Q5",725.946535438204,"Control","Historical",616.024908856641,"ARTR",4,"Control","Control"
1935,"E1","Q2",372.45374880952,"Control","Historical",616.024908856641,"ARTR",21,"Control","Control"
1935,"E1","Q3",824.29078032853,"Control","Historical",616.024908856641,"ARTR",0,"Control","Control"
1935,"E1","Q6",319.625363204394,"Control","Historical",616.024908856641,"ARTR",74,"Control","Control"
1935,"E1","Q4",317.198029456208,"Control","Historical",616.024908856641,"ARTR",1,"Control","Control"
1935,"P1","Q12",91.1703675592044,"Control","Historical",167.335601085428,"ARTR",1,"Control","Control"
1935,"P1","Q13",40.0248975477952,"Control","Historical",167.335601085428,"ARTR",1,"Control","Control"
1935,"P1","Q14",449.954712990731,"Control","Historical",167.335601085428,"ARTR",1,"Control","Control"
1935,"P1","Q11",88.1924262439806,"Control","Historical",167.335601085428,"ARTR",1,"Control","Control"
1935,"P10E1","Q23",387.030437537039,"Control","Historical",458.984023547521,"ARTR",1,"Control","Control"
1935,"P10E1","Q26",642.010962341016,"Control","Historical",458.984023547521,"ARTR",4,"Control","Control"
1935,"P10E1","Q24",143.625779845818,"Control","Historical",458.984023547521,"ARTR",0,"Control","Control"
1935,"P10E1","Q25",663.268914466211,"Control","Historical",458.984023547521,"ARTR",2,"Control","Control"
1935,"P1E1","Q8",2113.61488797932,"Control","Historical",876.820627475109,"ARTR",5,"Control","Control"
1935,"P1E1","Q10",262.616664250667,"Control","Historical",876.820627475109,"ARTR",2,"Control","Control"
1935,"P1E1","Q9",0.5,"Control","Historical",876.820627475109,"ARTR",4,"Control","Control"
1935,"P1E1","Q7",1130.55095767045,"Control","Historical",876.820627475109,"ARTR",4,"Control","Control"
1935,"P7E1","Q21",1253.08436152916,"Control","Historical",1330.30263600942,"ARTR",16,"Control","Control"
1935,"P7E1","Q19",42.6821880235399,"Control","Historical",1330.30263600942,"ARTR",1,"Control","Control"
1935,"P7E1","Q20",1753.83896914067,"Control","Historical",1330.30263600942,"ARTR",2,"Control","Control"
1935,"P7E1","Q22",2271.60502534432,"Control","Historical",1330.30263600942,"ARTR",9,"Control","Control"
1936,"E1","Q6",168.561705910349,"Control","Historical",425.281041325464,"ARTR",1,"Control","Control"
1936,"E1","Q4",145.44394650609,"Control","Historical",425.281041325464,"ARTR",0,"Control","Control"
1936,"E1","Q1",826.300009811358,"Control","Historical",425.281041325464,"ARTR",0,"Control","Control"
1936,"E1","Q5",373.433129665148,"Control","Historical",425.281041325464,"ARTR",0,"Control","Control"
1936,"E1","Q2",283.6012931526,"Control","Historical",425.281041325464,"ARTR",7,"Control","Control"
1936,"E1","Q3",754.346162907237,"Control","Historical",425.281041325464,"ARTR",1,"Control","Control"
1936,"P1","Q11",70.608227358467,"Control","Historical",129.243342241466,"ARTR",0,"Control","Control"
1936,"P1","Q14",362.526320288305,"Control","Historical",129.243342241466,"ARTR",1,"Control","Control"
1936,"P1","Q12",74.003366652629,"Control","Historical",129.243342241466,"ARTR",1,"Control","Control"
1936,"P1","Q13",9.83545466646417,"Control","Historical",129.243342241466,"ARTR",0,"Control","Control"
1936,"P10E1","Q23",425.915794556914,"Control","Historical",481.902116236488,"ARTR",0,"Control","Control"
1936,"P10E1","Q24",51.4104327127305,"Control","Historical",481.902116236488,"ARTR",0,"Control","Control"
1936,"P10E1","Q26",776.593673878418,"Control","Historical",481.902116236488,"ARTR",1,"Control","Control"
1936,"P10E1","Q25",673.688563797889,"Control","Historical",481.902116236488,"ARTR",1,"Control","Control"
1936,"P1E1","Q10",332.199032069007,"Control","Historical",933.129269080514,"ARTR",2,"Control","Control"
1936,"P1E1","Q8",2106.8374721963,"Control","Historical",933.129269080514,"ARTR",1,"Control","Control"
1936,"P1E1","Q7",1292.48057205675,"Control","Historical",933.129269080514,"ARTR",3,"Control","Control"
1936,"P1E1","Q9",1,"Control","Historical",933.129269080514,"ARTR",0,"Control","Control"
1936,"P7E1","Q21",1014.7801321862,"Control","Historical",1122.85588932502,"ARTR",4,"Control","Control"
1936,"P7E1","Q22",1910.48436641545,"Control","Historical",1122.85588932502,"ARTR",3,"Control","Control"
1936,"P7E1","Q20",1516.13566333403,"Control","Historical",1122.85588932502,"ARTR",2,"Control","Control"
1936,"P7E1","Q19",50.0233953644145,"Control","Historical",1122.85588932502,"ARTR",6,"Control","Control"
1937,"E1","Q6",214.969747950539,"Control","Historical",573.268361048606,"ARTR",11,"Control","Control"
1937,"E1","Q1",1249.86455681289,"Control","Historical",573.268361048606,"ARTR",0,"Control","Control"
1937,"E1","Q3",906.347646488712,"Control","Historical",573.268361048606,"ARTR",3,"Control","Control"
1937,"E1","Q5",473.793554521314,"Control","Historical",573.268361048606,"ARTR",18,"Control","Control"
1937,"E1","Q4",190.836168414355,"Control","Historical",573.268361048606,"ARTR",6,"Control","Control"
1937,"E1","Q2",403.798492103824,"Control","Historical",573.268361048606,"ARTR",11,"Control","Control"
1937,"P1","Q11",72.8376784575197,"Control","Historical",173.413768645676,"ARTR",2,"Control","Control"
1937,"P1","Q14",403.279800549923,"Control","Historical",173.413768645676,"ARTR",37,"Control","Control"
1937,"P1","Q12",44.1238269295845,"Control","Historical",173.413768645676,"ARTR",3,"Control","Control"
1937,"P10E1","Q25",916.427642741423,"Control","Historical",538.887516956542,"ARTR",24,"Control","Control"
1937,"P10E1","Q24",81.5605488615412,"Control","Historical",538.887516956542,"ARTR",1,"Control","Control"
1937,"P10E1","Q23",468.194361845524,"Control","Historical",538.887516956542,"ARTR",4,"Control","Control"
1937,"P10E1","Q26",689.367514377679,"Control","Historical",538.887516956542,"ARTR",17,"Control","Control"
1937,"P1E1","Q8",2128.98340770987,"Control","Historical",1456.40022528544,"ARTR",5,"Control","Control"
1937,"P1E1","Q7",1840.36417380669,"Control","Historical",1456.40022528544,"ARTR",16,"Control","Control"
1937,"P1E1","Q10",399.853094339752,"Control","Historical",1456.40022528544,"ARTR",4,"Control","Control"
1937,"P7E1","Q21",1374.34793773372,"Control","Historical",1431.0464062825,"ARTR",1,"Control","Control"
1937,"P7E1","Q19",93.2055131741725,"Control","Historical",1431.0464062825,"ARTR",9,"Control","Control"
1937,"P7E1","Q22",2579.5994626889,"Control","Historical",1431.0464062825,"ARTR",1,"Control","Control"
1937,"P7E1","Q20",1677.03271153321,"Control","Historical",1431.0464062825,"ARTR",0,"Control","Control"
1938,"E1","Q1",1710.34141663909,"Control","Historical",665.795279233017,"ARTR",0,"Control","Control"
1938,"E1","Q4",109.597823411058,"Control","Historical",665.795279233017,"ARTR",1,"Control","Control"
1938,"E1","Q3",990.867901090501,"Control","Historical",665.795279233017,"ARTR",2,"Control","Control"
1938,"E1","Q2",508.753726305963,"Control","Historical",665.795279233017,"ARTR",0,"Control","Control"
1938,"E1","Q5",364.398312163429,"Control","Historical",665.795279233017,"ARTR",4,"Control","Control"
1938,"E1","Q6",310.812495788059,"Control","Historical",665.795279233017,"ARTR",3,"Control","Control"
1938,"P1","Q11",28.8604123024114,"Control","Historical",101.599359808815,"ARTR",0,"Control","Control"
1938,"P1","Q12",71.6879472793189,"Control","Historical",101.599359808815,"ARTR",1,"Control","Control"
1938,"P1","Q13",1.5,"Control","Historical",101.599359808815,"ARTR",2,"Control","Control"
1938,"P1","Q14",304.34907965353,"Control","Historical",101.599359808815,"ARTR",20,"Control","Control"
1938,"P10E1","Q25",833.420739441682,"Control","Historical",625.16028293217,"ARTR",6,"Control","Control"
1938,"P10E1","Q26",984.207780888664,"Control","Historical",625.16028293217,"ARTR",5,"Control","Control"
1938,"P10E1","Q23",562.31214192452,"Control","Historical",625.16028293217,"ARTR",2,"Control","Control"
1938,"P10E1","Q24",120.700469473815,"Control","Historical",625.16028293217,"ARTR",1,"Control","Control"
1938,"P1E1","Q9",13.6463159825199,"Control","Historical",1305.90178913078,"ARTR",0,"Control","Control"
1938,"P1E1","Q8",2701.5623281814,"Control","Historical",1305.90178913078,"ARTR",1,"Control","Control"
1938,"P1E1","Q7",2051.90528012422,"Control","Historical",1305.90178913078,"ARTR",4,"Control","Control"
1938,"P1E1","Q10",456.493232234971,"Control","Historical",1305.90178913078,"ARTR",1,"Control","Control"
1938,"P7E1","Q19",131.161358354383,"Control","Historical",1336.2908183328,"ARTR",0,"Control","Control"
1938,"P7E1","Q21",1668.18756776287,"Control","Historical",1336.2908183328,"ARTR",1,"Control","Control"
1938,"P7E1","Q20",1464.30765669436,"Control","Historical",1336.2908183328,"ARTR",0,"Control","Control"
1938,"P7E1","Q22",2081.5066905196,"Control","Historical",1336.2908183328,"ARTR",1,"Control","Control"
1939,"E1","Q1",1484.07503438469,"Control","Historical",618.962288755485,"ARTR",0,"Control","Control"
1939,"E1","Q4",37.8447263577014,"Control","Historical",618.962288755485,"ARTR",0,"Control","Control"
1939,"E1","Q3",926.518509831638,"Control","Historical",618.962288755485,"ARTR",0,"Control","Control"
1939,"E1","Q5",489.314202025358,"Control","Historical",618.962288755485,"ARTR",0,"Control","Control"
1939,"E1","Q2",416.753255998561,"Control","Historical",618.962288755485,"ARTR",1,"Control","Control"
1939,"E1","Q6",359.26800393496,"Control","Historical",618.962288755485,"ARTR",1,"Control","Control"
1939,"P1","Q13",0.5,"Control","Historical",140.848455936364,"ARTR",0,"Control","Control"
1939,"P1","Q14",487.090448537113,"Control","Historical",140.848455936364,"ARTR",3,"Control","Control"
1939,"P1","Q11",73.8522402199168,"Control","Historical",140.848455936364,"ARTR",0,"Control","Control"
1939,"P1","Q12",1.95113498842502,"Control","Historical",140.848455936364,"ARTR",0,"Control","Control"
1939,"P10E1","Q24",79.8700811861253,"Control","Historical",632.513952732854,"ARTR",0,"Control","Control"
1939,"P10E1","Q26",1124.99202108853,"Control","Historical",632.513952732854,"ARTR",1,"Control","Control"
1939,"P10E1","Q25",795.500944484388,"Control","Historical",632.513952732854,"ARTR",2,"Control","Control"
1939,"P10E1","Q23",529.692764172371,"Control","Historical",632.513952732854,"ARTR",0,"Control","Control"
1939,"P1E1","Q7",2377.32872426473,"Control","Historical",1530.26112567087,"ARTR",1,"Control","Control"
1939,"P1E1","Q8",1799.61948425496,"Control","Historical",1530.26112567087,"ARTR",0,"Control","Control"
1939,"P1E1","Q10",413.835168492912,"Control","Historical",1530.26112567087,"ARTR",0,"Control","Control"
1939,"P7E1","Q19",112.877589428876,"Control","Historical",1423.58708990664,"ARTR",0,"Control","Control"
1939,"P7E1","Q21",1676.09515974128,"Control","Historical",1423.58708990664,"ARTR",0,"Control","Control"
1939,"P7E1","Q20",1665.70970164264,"Control","Historical",1423.58708990664,"ARTR",0,"Control","Control"
1939,"P7E1","Q22",2239.66590881377,"Control","Historical",1423.58708990664,"ARTR",3,"Control","Control"
1940,"E1","Q3",1080.82081671919,"Control","Historical",681.769254683303,"ARTR",0,"Control","Control"
1940,"E1","Q4",38.5855449913736,"Control","Historical",681.769254683303,"ARTR",0,"Control","Control"
1940,"E1","Q6",429.895635986589,"Control","Historical",681.769254683303,"ARTR",1,"Control","Control"
1940,"E1","Q5",500.249703867681,"Control","Historical",681.769254683303,"ARTR",1,"Control","Control"
1940,"E1","Q1",1647.71725859763,"Control","Historical",681.769254683303,"ARTR",0,"Control","Control"
1940,"E1","Q2",393.346567937357,"Control","Historical",681.769254683303,"ARTR",0,"Control","Control"
1940,"P1","Q14",384.632704463572,"Control","Historical",183.659625947796,"ARTR",2,"Control","Control"
1940,"P1","Q12",88.2858439575358,"Control","Historical",183.659625947796,"ARTR",0,"Control","Control"
1940,"P1","Q11",78.0603294222802,"Control","Historical",183.659625947796,"ARTR",0,"Control","Control"
1940,"P10E1","Q25",516.455404247104,"Control","Historical",655.770849965922,"ARTR",26,"Control","Control"
1940,"P10E1","Q23",709.383638239305,"Control","Historical",655.770849965922,"ARTR",0,"Control","Control"
1940,"P10E1","Q24",92.7383966279796,"Control","Historical",655.770849965922,"ARTR",1,"Control","Control"
1940,"P10E1","Q26",1304.5059607493,"Control","Historical",655.770849965922,"ARTR",0,"Control","Control"
1940,"P1E1","Q7",2138.48698512015,"Control","Historical",907.934026223393,"ARTR",0,"Control","Control"
1940,"P1E1","Q9",11.3686738518511,"Control","Historical",907.934026223393,"ARTR",0,"Control","Control"
1940,"P1E1","Q8",1014.29272821268,"Control","Historical",907.934026223393,"ARTR",0,"Control","Control"
1940,"P1E1","Q10",467.587717708892,"Control","Historical",907.934026223393,"ARTR",0,"Control","Control"
1940,"P7E1","Q21",1709.69644790276,"Control","Historical",1518.74022340231,"ARTR",13,"Control","Control"
1940,"P7E1","Q20",1770.61706808683,"Control","Historical",1518.74022340231,"ARTR",14,"Control","Control"
1940,"P7E1","Q22",2420.60848162075,"Control","Historical",1518.74022340231,"ARTR",2,"Control","Control"
1940,"P7E1","Q19",174.038895998907,"Control","Historical",1518.74022340231,"ARTR",5,"Control","Control"
1941,"E1","Q4",27.8903165959779,"Control","Historical",706.786058140555,"ARTR",1,"Control","Control"
1941,"E1","Q1",1797.11541665761,"Control","Historical",706.786058140555,"ARTR",4,"Control","Control"
1941,"E1","Q5",554.897054545434,"Control","Historical",706.786058140555,"ARTR",4,"Control","Control"
1941,"E1","Q3",1309.74037837729,"Control","Historical",706.786058140555,"ARTR",6,"Control","Control"
1941,"E1","Q2",341.930302256491,"Control","Historical",706.786058140555,"ARTR",1,"Control","Control"
1941,"E1","Q6",209.142880410525,"Control","Historical",706.786058140555,"ARTR",1,"Control","Control"
1941,"P1","Q14",244.486970610789,"Control","Historical",100.113980643507,"ARTR",6,"Control","Control"
1941,"P1","Q11",55.6049713197319,"Control","Historical",100.113980643507,"ARTR",1,"Control","Control"
1941,"P1","Q13",0.25,"Control","Historical",100.113980643507,"ARTR",1,"Control","Control"
1941,"P10E1","Q26",1590.28340350587,"Control","Historical",822.352291549746,"ARTR",45,"Control","Control"
1941,"P10E1","Q24",183.13560014763,"Control","Historical",822.352291549746,"ARTR",4,"Control","Control"
1941,"P10E1","Q23",804.475657066894,"Control","Historical",822.352291549746,"ARTR",31,"Control","Control"
1941,"P10E1","Q25",711.514505478591,"Control","Historical",822.352291549746,"ARTR",16,"Control","Control"
1941,"P1E1","Q8",1141.76102921134,"Control","Historical",895.628743715252,"ARTR",59,"Control","Control"
1941,"P1E1","Q9",7.64035070843083,"Control","Historical",895.628743715252,"ARTR",72,"Control","Control"
1941,"P1E1","Q10",581.013966483098,"Control","Historical",895.628743715252,"ARTR",9,"Control","Control"
1941,"P1E1","Q7",1852.09962845814,"Control","Historical",895.628743715252,"ARTR",4,"Control","Control"
1941,"P7E1","Q21",1871.55776784844,"Control","Historical",1745.15943411505,"ARTR",4,"Control","Control"
1941,"P7E1","Q22",2471.24510606022,"Control","Historical",1745.15943411505,"ARTR",2,"Control","Control"
1941,"P7E1","Q19",294.759094823857,"Control","Historical",1745.15943411505,"ARTR",3,"Control","Control"
1941,"P7E1","Q20",2343.07576772769,"Control","Historical",1745.15943411505,"ARTR",10,"Control","Control"
1945,"E1","Q3",1500.08791988308,"Control","Historical",1022.88179020768,"ARTR",0,"Control","Control"
1945,"E1","Q1",1980.08935632064,"Control","Historical",1022.88179020768,"ARTR",1,"Control","Control"
1945,"E1","Q4",23.7105185080307,"Control","Historical",1022.88179020768,"ARTR",0,"Control","Control"
1945,"E1","Q2",722.570210968675,"Control","Historical",1022.88179020768,"ARTR",1,"Control","Control"
1945,"E1","Q5",1222.62214459538,"Control","Historical",1022.88179020768,"ARTR",0,"Control","Control"
1945,"E1","Q6",688.210590970261,"Control","Historical",1022.88179020768,"ARTR",1,"Control","Control"
1945,"P1","Q13",0.75,"Control","Historical",176.09167887501,"ARTR",2,"Control","Control"
1945,"P1","Q14",455.412111109422,"Control","Historical",176.09167887501,"ARTR",0,"Control","Control"
1945,"P1","Q12",75.2362937652639,"Control","Historical",176.09167887501,"ARTR",2,"Control","Control"
1945,"P1","Q11",172.968310625356,"Control","Historical",176.09167887501,"ARTR",0,"Control","Control"
1945,"P10E1","Q26",2441.52131069061,"Control","Historical",1271.3127511915,"ARTR",0,"Control","Control"
1945,"P10E1","Q24",383.414070305601,"Control","Historical",1271.3127511915,"ARTR",0,"Control","Control"
1945,"P10E1","Q23",1404.04609125478,"Control","Historical",1271.3127511915,"ARTR",2,"Control","Control"
1945,"P10E1","Q25",856.269532514994,"Control","Historical",1271.3127511915,"ARTR",3,"Control","Control"
1945,"P1E1","Q8",1791.51152843126,"Control","Historical",1791.07180480241,"ARTR",2,"Control","Control"
1945,"P1E1","Q10",1482.27523685596,"Control","Historical",1791.07180480241,"ARTR",0,"Control","Control"
1945,"P1E1","Q9",0.5,"Control","Historical",1791.07180480241,"ARTR",0,"Control","Control"
1945,"P1E1","Q7",3890.00045392241,"Control","Historical",1791.07180480241,"ARTR",0,"Control","Control"
1945,"P7E1","Q19",908.481544020235,"Control","Historical",1936.80483279769,"ARTR",5,"Control","Control"
1945,"P7E1","Q21",2341.37367194367,"Control","Historical",1936.80483279769,"ARTR",1,"Control","Control"
1945,"P7E1","Q20",1807.27294892864,"Control","Historical",1936.80483279769,"ARTR",1,"Control","Control"
1945,"P7E1","Q22",2690.0911662982,"Control","Historical",1936.80483279769,"ARTR",0,"Control","Control"
1946,"E1","Q4",2.90007372539896,"Control","Historical",707.055583850793,"ARTR",0,"Control","Control"
1946,"E1","Q1",1236.23158356716,"Control","Historical",707.055583850793,"ARTR",0,"Control","Control"
1946,"E1","Q5",985.872415417946,"Control","Historical",707.055583850793,"ARTR",0,"Control","Control"
1946,"E1","Q3",1019.96506755245,"Control","Historical",707.055583850793,"ARTR",0,"Control","Control"
1946,"E1","Q6",546.245593985079,"Control","Historical",707.055583850793,"ARTR",0,"Control","Control"
1946,"E1","Q2",451.118768856726,"Control","Historical",707.055583850793,"ARTR",0,"Control","Control"
1946,"P1","Q13",0.5,"Control","Historical",170.406288177786,"ARTR",0,"Control","Control"
1946,"P1","Q14",430.586525285992,"Control","Historical",170.406288177786,"ARTR",0,"Control","Control"
1946,"P1","Q12",101.746407453728,"Control","Historical",170.406288177786,"ARTR",1,"Control","Control"
1946,"P1","Q11",148.792219971422,"Control","Historical",170.406288177786,"ARTR",1,"Control","Control"
1946,"P10E1","Q25",338.422770094891,"Control","Historical",990.789618767481,"ARTR",0,"Control","Control"
1946,"P10E1","Q24",422.996722854652,"Control","Historical",990.789618767481,"ARTR",0,"Control","Control"
1946,"P10E1","Q26",2269.52547759492,"Control","Historical",990.789618767481,"ARTR",0,"Control","Control"
1946,"P10E1","Q23",932.21350452546,"Control","Historical",990.789618767481,"ARTR",0,"Control","Control"
1946,"P1E1","Q8",980.374254168483,"Control","Historical",980.374254168483,"ARTR",0,"Control","Control"
1946,"P7E1","Q22",2350.66858963763,"Control","Historical",1475.03609465853,"ARTR",0,"Control","Control"
1946,"P7E1","Q20",1102.85216212593,"Control","Historical",1475.03609465853,"ARTR",1,"Control","Control"
1946,"P7E1","Q19",639.344827398452,"Control","Historical",1475.03609465853,"ARTR",0,"Control","Control"
1946,"P7E1","Q21",1807.27879947211,"Control","Historical",1475.03609465853,"ARTR",0,"Control","Control"
1949,"E1","Q4",36.5470450359808,"Control","Historical",459.35634463789,"ARTR",0,"Control","Control"
1949,"E1","Q6",619.144210878799,"Control","Historical",459.35634463789,"ARTR",1,"Control","Control"
1949,"E1","Q1",945.51570359398,"Control","Historical",459.35634463789,"ARTR",2,"Control","Control"
1949,"E1","Q3",568.945008464701,"Control","Historical",459.35634463789,"ARTR",0,"Control","Control"
1949,"E1","Q2",269.476142211912,"Control","Historical",459.35634463789,"ARTR",2,"Control","Control"
1949,"E1","Q5",316.50995764197,"Control","Historical",459.35634463789,"ARTR",0,"Control","Control"
1949,"P1","Q13",34.6018658810631,"Control","Historical",150.728677847668,"ARTR",0,"Control","Control"
1949,"P1","Q11",84.291076084536,"Control","Historical",150.728677847668,"ARTR",0,"Control","Control"
1949,"P1","Q12",322.262572432954,"Control","Historical",150.728677847668,"ARTR",0,"Control","Control"
1949,"P1","Q14",161.759196992118,"Control","Historical",150.728677847668,"ARTR",1,"Control","Control"
1949,"P10E1","Q24",190.255955612523,"Control","Historical",705.302093005084,"ARTR",0,"Control","Control"
1949,"P10E1","Q25",453.18779674753,"Control","Historical",705.302093005084,"ARTR",1,"Control","Control"
1949,"P10E1","Q26",1396.25132918133,"Control","Historical",705.302093005084,"ARTR",0,"Control","Control"
1949,"P10E1","Q23",781.513290478954,"Control","Historical",705.302093005084,"ARTR",0,"Control","Control"
1949,"P1E1","Q8",983.366127369484,"Control","Historical",983.366127369484,"ARTR",0,"Control","Control"
1949,"P7E1","Q21",266.639385060158,"Control","Historical",713.71687728985,"ARTR",1,"Control","Control"
1949,"P7E1","Q19",422.837876065039,"Control","Historical",713.71687728985,"ARTR",1,"Control","Control"
1949,"P7E1","Q22",1951.68856007715,"Control","Historical",713.71687728985,"ARTR",1,"Control","Control"
1949,"P7E1","Q20",213.701687957053,"Control","Historical",713.71687728985,"ARTR",0,"Control","Control"
1950,"E1","Q4",25.9015238947315,"Control","Historical",412.209811805082,"ARTR",0,"Control","Control"
1950,"E1","Q5",441.221392444438,"Control","Historical",412.209811805082,"ARTR",0,"Control","Control"
1950,"E1","Q3",494.283974790766,"Control","Historical",412.209811805082,"ARTR",0,"Control","Control"
1950,"E1","Q2",207.858111372375,"Control","Historical",412.209811805082,"ARTR",0,"Control","Control"
1950,"E1","Q6",636.361891224059,"Control","Historical",412.209811805082,"ARTR",0,"Control","Control"
1950,"E1","Q1",667.631977104125,"Control","Historical",412.209811805082,"ARTR",0,"Control","Control"
1950,"P1","Q12",333.220130958536,"Control","Historical",333.220130958536,"ARTR",0,"Control","Control"
1950,"P10E1","Q25",745.495898697115,"Control","Historical",927.82692945189,"ARTR",1,"Control","Control"
1950,"P10E1","Q26",1685.51340109855,"Control","Historical",927.82692945189,"ARTR",0,"Control","Control"
1950,"P10E1","Q24",319.366793346582,"Control","Historical",927.82692945189,"ARTR",1,"Control","Control"
1950,"P10E1","Q23",960.931624665313,"Control","Historical",927.82692945189,"ARTR",0,"Control","Control"
1950,"P1E1","Q8",854.270775291705,"Control","Historical",854.270775291705,"ARTR",0,"Control","Control"
1950,"P7E1","Q19",645.269317200294,"Control","Historical",786.633764084819,"ARTR",0,"Control","Control"
1950,"P7E1","Q20",256.848706896138,"Control","Historical",786.633764084819,"ARTR",0,"Control","Control"
1950,"P7E1","Q22",2137.25854326439,"Control","Historical",786.633764084819,"ARTR",0,"Control","Control"
1950,"P7E1","Q21",107.158488978453,"Control","Historical",786.633764084819,"ARTR",0,"Control","Control"
1951,"E1","Q5",113.18432598217,"Control","Historical",287.769757291729,"ARTR",0,"Control","Control"
1951,"E1","Q3",446.476877443591,"Control","Historical",287.769757291729,"ARTR",8,"Control","Control"
1951,"E1","Q2",315.855330148661,"Control","Historical",287.769757291729,"ARTR",0,"Control","Control"
1951,"E1","Q4",24.4973845436816,"Control","Historical",287.769757291729,"ARTR",2,"Control","Control"
1951,"E1","Q1",336.530478886848,"Control","Historical",287.769757291729,"ARTR",3,"Control","Control"
1951,"E1","Q6",490.074146745421,"Control","Historical",287.769757291729,"ARTR",17,"Control","Control"
1951,"P1","Q12",285.508015601496,"Control","Historical",285.508015601496,"ARTR",151,"Control","Control"
1951,"P10E1","Q26",1641.80587481901,"Control","Historical",904.531380665282,"ARTR",77,"Control","Control"
1951,"P10E1","Q25",684.717183624182,"Control","Historical",904.531380665282,"ARTR",55,"Control","Control"
1951,"P10E1","Q23",1054.42012126532,"Control","Historical",904.531380665282,"ARTR",7,"Control","Control"
1951,"P10E1","Q24",237.182342952615,"Control","Historical",904.531380665282,"ARTR",2,"Control","Control"
1951,"P1E1","Q8",1236.65525469449,"Control","Historical",1236.65525469449,"ARTR",3,"Control","Control"
1951,"P7E1","Q19",589.803927657931,"Control","Historical",640.059164319681,"ARTR",31,"Control","Control"
1951,"P7E1","Q21",85.1804552862193,"Control","Historical",640.059164319681,"ARTR",0,"Control","Control"
1951,"P7E1","Q20",96.4371083915847,"Control","Historical",640.059164319681,"ARTR",1,"Control","Control"
1951,"P7E1","Q22",1788.81516594299,"Control","Historical",640.059164319681,"ARTR",6,"Control","Control"
1954,"E1","Q5",206.386724088992,"Control","Historical",446.979155443923,"ARTR",1,"Control","Control"
1954,"E1","Q3",762.881643436866,"Control","Historical",446.979155443923,"ARTR",0,"Control","Control"
1954,"E1","Q4",119.03140652923,"Control","Historical",446.979155443923,"ARTR",0,"Control","Control"
1954,"E1","Q6",1004.3424344598,"Control","Historical",446.979155443923,"ARTR",3,"Control","Control"
1954,"E1","Q1",435.854966075905,"Control","Historical",446.979155443923,"ARTR",0,"Control","Control"
1954,"E1","Q2",153.377758072747,"Control","Historical",446.979155443923,"ARTR",0,"Control","Control"
1954,"P1","Q12",339.19886386466,"Control","Historical",339.19886386466,"ARTR",0,"Control","Control"
1954,"P10E1","Q25",630.618795084108,"Control","Historical",1116.92399351978,"ARTR",4,"Control","Control"
1954,"P10E1","Q26",2546.2151784583,"Control","Historical",1116.92399351978,"ARTR",7,"Control","Control"
1954,"P10E1","Q23",1002.02544496904,"Control","Historical",1116.92399351978,"ARTR",0,"Control","Control"
1954,"P10E1","Q24",288.836555567676,"Control","Historical",1116.92399351978,"ARTR",4,"Control","Control"
1954,"P1E1","Q8",878.142992413046,"Control","Historical",878.142992413046,"ARTR",0,"Control","Control"
1954,"P7E1","Q21",158.841895025347,"Control","Historical",819.385043370191,"ARTR",2,"Control","Control"
1954,"P7E1","Q20",89.438818009705,"Control","Historical",819.385043370191,"ARTR",1,"Control","Control"
1954,"P7E1","Q19",977.734876355613,"Control","Historical",819.385043370191,"ARTR",6,"Control","Control"
1954,"P7E1","Q22",2051.5245840901,"Control","Historical",819.385043370191,"ARTR",0,"Control","Control"
1955,"E1","Q3",906.385547260755,"Control","Historical",514.424725371228,"ARTR",0,"Control","Control"
1955,"E1","Q2",147.758851073561,"Control","Historical",514.424725371228,"ARTR",0,"Control","Control"
1955,"E1","Q5",218.314866160862,"Control","Historical",514.424725371228,"ARTR",0,"Control","Control"
1955,"E1","Q4",227.965012559416,"Control","Historical",514.424725371228,"ARTR",0,"Control","Control"
1955,"E1","Q6",1053.78061166026,"Control","Historical",514.424725371228,"ARTR",0,"Control","Control"
1955,"E1","Q1",532.343463512512,"Control","Historical",514.424725371228,"ARTR",1,"Control","Control"
1955,"P1","Q12",432.78225353109,"Control","Historical",432.78225353109,"ARTR",1,"Control","Control"
1955,"P10E1","Q25",817.275555400287,"Control","Historical",1120.48204864294,"ARTR",0,"Control","Control"
1955,"P10E1","Q23",706.753384230884,"Control","Historical",1120.48204864294,"ARTR",2,"Control","Control"
1955,"P10E1","Q26",2629.39310858169,"Control","Historical",1120.48204864294,"ARTR",2,"Control","Control"
1955,"P10E1","Q24",328.506146358918,"Control","Historical",1120.48204864294,"ARTR",0,"Control","Control"
1955,"P1E1","Q8",1471.5194059943,"Control","Historical",735.88470299715,"ARTR",0,"Control","Control"
1955,"P1E1","Q9",0.25,"Control","Historical",735.88470299715,"ARTR",0,"Control","Control"
1955,"P7E1","Q21",125.597195513471,"Control","Historical",865.165992499905,"ARTR",0,"Control","Control"
1955,"P7E1","Q20",97.809999812138,"Control","Historical",865.165992499905,"ARTR",0,"Control","Control"
1955,"P7E1","Q22",2010.32954841944,"Control","Historical",865.165992499905,"ARTR",4,"Control","Control"
1955,"P7E1","Q19",1226.92722625457,"Control","Historical",865.165992499905,"ARTR",2,"Control","Control"
1956,"P1","Q14",98.2587318692706,"Control","Historical",177.946063179165,"ARTR",1,"Control","Control"
1956,"P1","Q13",445.318195017864,"Control","Historical",177.946063179165,"ARTR",0,"Control","Control"
1956,"P1","Q11",167.457325829525,"Control","Historical",177.946063179165,"ARTR",0,"Control","Control"
1956,"P1","Q12",0.75,"Control","Historical",177.946063179165,"ARTR",1,"Control","Control"
1956,"P1E1","Q8",1048.47740617004,"Control","Historical",1048.47740617004,"ARTR",0,"Control","Control"
1956,"P2","Q17",1415.59681247094,"Control","Historical",1685.53908590485,"ARTR",0,"Control","Control"
1956,"P2","Q16",2400.59811599937,"Control","Historical",1685.53908590485,"ARTR",1,"Control","Control"
1956,"P2","Q18",1578.38984550062,"Control","Historical",1685.53908590485,"ARTR",2,"Control","Control"
1956,"P2","Q15",1347.57156964849,"Control","Historical",1685.53908590485,"ARTR",0,"Control","Control"
2007,"E1","Q2",3718.7635506837,"Control","Modern",3648.36962612351,"ARTR",0,"Modern","ControlModern"
2007,"E1","Q4",2503.55221306188,"Control","Modern",3648.36962612351,"ARTR",0,"Modern","ControlModern"
2007,"E1","Q3",4722.79311462495,"Control","Modern",3648.36962612351,"ARTR",0,"Modern","ControlModern"
2007,"P10E1","Q26",2181.94790079809,"Control","Modern",1573.69101860897,"ARTR",0,"Modern","ControlModern"
2007,"P10E1","Q23",55.8059618588365,"Control","Modern",1573.69101860897,"ARTR",1,"Modern","ControlModern"
2007,"P10E1","Q25",3475.54778711719,"Control","Modern",1573.69101860897,"ARTR",0,"Modern","ControlModern"
2007,"P10E1","Q24",581.462424661771,"Control","Modern",1573.69101860897,"ARTR",0,"Modern","ControlModern"
2007,"P7E1","Q20",879.588071500747,"Control","Modern",792.558687945218,"ARTR",0,"Modern","ControlModern"
2007,"P7E1","Q19",705.529304389689,"Control","Modern",792.558687945218,"ARTR",0,"Modern","ControlModern"
2008,"E1","Q3",4803.63214219897,"Control","Modern",4277.93263342044,"ARTR",0,"Modern","ControlModern"
2008,"E1","Q2",4875.90908787951,"Control","Modern",4277.93263342044,"ARTR",0,"Modern","ControlModern"
2008,"E1","Q4",3154.25667018284,"Control","Modern",4277.93263342044,"ARTR",0,"Modern","ControlModern"
2008,"P10E1","Q26",3019.94755490466,"Control","Modern",2150.33651443167,"ARTR",0,"Modern","ControlModern"
2008,"P10E1","Q24",1023.57780608958,"Control","Modern",2150.33651443167,"ARTR",0,"Modern","ControlModern"
2008,"P10E1","Q23",56.749008001177,"Control","Modern",2150.33651443167,"ARTR",0,"Modern","ControlModern"
2008,"P10E1","Q25",4501.07168873128,"Control","Modern",2150.33651443167,"ARTR",0,"Modern","ControlModern"
2008,"P7E1","Q20",1006.27232769062,"Control","Modern",933.754666442944,"ARTR",2,"Modern","ControlModern"
2008,"P7E1","Q19",861.237005195268,"Control","Modern",933.754666442944,"ARTR",0,"Modern","ControlModern"
2009,"E1","Q4",3494.30792168748,"Control","Modern",4339.60097045584,"ARTR",0,"Modern","ControlModern"
2009,"E1","Q2",3992.76977262624,"Control","Modern",4339.60097045584,"ARTR",0,"Modern","ControlModern"
2009,"E1","Q3",5531.7252170538,"Control","Modern",4339.60097045584,"ARTR",0,"Modern","ControlModern"
2009,"P10E1","Q26",2499.61023506519,"Control","Modern",1630.43838217644,"ARTR",0,"Modern","ControlModern"
2009,"P10E1","Q24",1313.77743782879,"Control","Modern",1630.43838217644,"ARTR",0,"Modern","ControlModern"
2009,"P10E1","Q25",2633.89125960881,"Control","Modern",1630.43838217644,"ARTR",2,"Modern","ControlModern"
2009,"P10E1","Q23",74.474596202951,"Control","Modern",1630.43838217644,"ARTR",0,"Modern","ControlModern"
2009,"P7E1","Q20",1249.00745323178,"Control","Modern",1308.83547847918,"ARTR",0,"Modern","ControlModern"
2009,"P7E1","Q19",1368.66350372659,"Control","Modern",1308.83547847918,"ARTR",0,"Modern","ControlModern"
2010,"E1","Q2",3894.65485940974,"Control","Modern",3770.18163188588,"ARTR",0,"Modern","ControlModern"
2010,"E1","Q4",3229.92479220271,"Control","Modern",3770.18163188588,"ARTR",0,"Modern","ControlModern"
2010,"E1","Q3",4185.96524404519,"Control","Modern",3770.18163188588,"ARTR",0,"Modern","ControlModern"
2010,"P10E1","Q26",4660.21782166876,"Control","Modern",2505.5208470542,"ARTR",0,"Modern","ControlModern"
2010,"P10E1","Q25",3989.03650105878,"Control","Modern",2505.5208470542,"ARTR",0,"Modern","ControlModern"
2010,"P10E1","Q24",1285.48219106148,"Control","Modern",2505.5208470542,"ARTR",0,"Modern","ControlModern"
2010,"P10E1","Q23",87.346874427772,"Control","Modern",2505.5208470542,"ARTR",0,"Modern","ControlModern"
2010,"P7E1","Q19",1059.89625202797,"Control","Modern",1444.47473362264,"ARTR",0,"Modern","ControlModern"
2010,"P7E1","Q20",1829.05321521731,"Control","Modern",1444.47473362264,"ARTR",0,"Modern","ControlModern"
2011,"E1","Q40",1504.87884491531,"Irrigation","Modern",3944.55899609754,"ARTR",0,"Modern","Irrigation"
2011,"E1","Q44",115.416255001186,"Irrigation","Modern",3944.55899609754,"ARTR",0,"Modern","Irrigation"
2011,"E1","Q45",3469.7630321098,"Irrigation","Modern",3944.55899609754,"ARTR",0,"Modern","Irrigation"
2011,"E1","Q43",181.354098146139,"Drought","Modern",3944.55899609754,"ARTR",0,"Modern","Drought"
2011,"E1","Q31",2536.09516515919,"Drought","Modern",3944.55899609754,"ARTR",1,"Modern","Drought"
2011,"E1","Q46",781.317752580056,"Drought","Modern",3944.55899609754,"ARTR",0,"Modern","Drought"
2011,"E1","Q4",2886.36585312484,"Control","Modern",3944.55899609754,"ARTR",0,"Modern","ControlModern"
2011,"E1","Q32",2114.38158208871,"Irrigation","Modern",3944.55899609754,"ARTR",0,"Modern","Irrigation"
2011,"E1","Q39",5676.64128165969,"Drought","Modern",3944.55899609754,"ARTR",0,"Modern","Drought"
2011,"E1","Q41",1078.49473535692,"Drought","Modern",3944.55899609754,"ARTR",0,"Modern","Drought"
2011,"E1","Q3",4460.81907482806,"Control","Modern",3944.55899609754,"ARTR",0,"Modern","ControlModern"
2011,"E1","Q33",4894.85644729743,"Irrigation","Modern",3944.55899609754,"ARTR",0,"Modern","Irrigation"
2011,"E1","Q2",4486.49206033973,"Control","Modern",3944.55899609754,"ARTR",0,"Modern","ControlModern"
2011,"P10E1","Q24",1366.0704878039,"Control","Modern",1548.1720107736,"ARTR",0,"Modern","ControlModern"
2011,"P10E1","Q26",3932.95061905215,"Control","Modern",1548.1720107736,"ARTR",0,"Modern","ControlModern"
2011,"P10E1","Q23",65.426453248835,"Control","Modern",1548.1720107736,"ARTR",0,"Modern","ControlModern"
2011,"P10E1","Q25",828.240482989501,"Control","Modern",1548.1720107736,"ARTR",0,"Modern","ControlModern"
2011,"P7E1","Q20",2049.54093749819,"Control","Modern",1581.41421040482,"ARTR",0,"Modern","ControlModern"
2011,"P7E1","Q19",1113.28748331145,"Control","Modern",1581.41421040482,"ARTR",0,"Modern","ControlModern"
2012,"E1","Q1",0.5,"Control","Modern",2973.45539704036,"ARTR",0,"Modern","ControlModern"
2012,"E1","Q39",5632.44188955272,"Drought","Modern",2973.45539704036,"ARTR",0,"Modern","Drought"
2012,"E1","Q44",153.564547172454,"Irrigation","Modern",2973.45539704036,"ARTR",0,"Modern","Irrigation"
2012,"E1","Q32",2453.94834797753,"Irrigation","Modern",2973.45539704036,"ARTR",0,"Modern","Irrigation"
2012,"E1","Q45",3286.35508437573,"Irrigation","Modern",2973.45539704036,"ARTR",0,"Modern","Irrigation"
2012,"E1","Q33",4607.65750747161,"Irrigation","Modern",2973.45539704036,"ARTR",0,"Modern","Irrigation"
2012,"E1","Q46",936.623503675112,"Drought","Modern",2973.45539704036,"ARTR",0,"Modern","Drought"
2012,"E1","Q40",1700.44022992497,"Irrigation","Modern",2973.45539704036,"ARTR",0,"Modern","Irrigation"
2012,"E1","Q41",1425.45389288064,"Drought","Modern",2973.45539704036,"ARTR",0,"Modern","Drought"
2012,"E1","Q2",4536.06029189327,"Control","Modern",2973.45539704036,"ARTR",0,"Modern","ControlModern"
2012,"E1","Q3",4786.5524345107,"Control","Modern",2973.45539704036,"ARTR",0,"Modern","ControlModern"
2012,"E1","Q31",2498.23241041334,"Drought","Modern",2973.45539704036,"ARTR",0,"Modern","Drought"
2012,"E1","Q43",114.891707290703,"Drought","Modern",2973.45539704036,"ARTR",0,"Modern","Drought"
2012,"E1","Q4",2570.70886175749,"Control","Modern",2973.45539704036,"ARTR",0,"Modern","ControlModern"
2012,"P10E1","Q25",1815.15995001082,"Control","Modern",1721.84603691337,"ARTR",1,"Modern","ControlModern"
2012,"P10E1","Q24",1249.31322689537,"Control","Modern",1721.84603691337,"ARTR",0,"Modern","ControlModern"
2012,"P10E1","Q26",3714.74281822243,"Control","Modern",1721.84603691337,"ARTR",0,"Modern","ControlModern"
2012,"P10E1","Q23",108.168152524853,"Control","Modern",1721.84603691337,"ARTR",0,"Modern","ControlModern"
2012,"P7E1","Q19",887.630751005706,"Control","Modern",1578.44500548368,"ARTR",0,"Modern","ControlModern"
2012,"P7E1","Q20",2269.25925996165,"Control","Modern",1578.44500548368,"ARTR",0,"Modern","ControlModern"
2013,"E1","Q40",1459.37976243516,"Irrigation","Modern",3518.62413306049,"ARTR",0,"Modern","Irrigation"
2013,"E1","Q39",5892.734121107,"Drought","Modern",3518.62413306049,"ARTR",0,"Modern","Drought"
2013,"E1","Q44",221.517265054057,"Irrigation","Modern",3518.62413306049,"ARTR",0,"Modern","Irrigation"
2013,"E1","Q46",1078.89016902063,"Drought","Modern",3518.62413306049,"ARTR",0,"Modern","Drought"
2013,"E1","Q41",1497.37059298036,"Drought","Modern",3518.62413306049,"ARTR",0,"Modern","Drought"
2013,"E1","Q3",4401.98289976377,"Control","Modern",3518.62413306049,"ARTR",0,"Modern","ControlModern"
2013,"E1","Q45",3662.31551763579,"Irrigation","Modern",3518.62413306049,"ARTR",0,"Modern","Irrigation"
2013,"E1","Q33",5407.79887787411,"Irrigation","Modern",3518.62413306049,"ARTR",0,"Modern","Irrigation"
2013,"E1","Q4",2520.04383301203,"Control","Modern",3518.62413306049,"ARTR",0,"Modern","ControlModern"
2013,"E1","Q43",155.345523835795,"Drought","Modern",3518.62413306049,"ARTR",1,"Modern","Drought"
2013,"E1","Q31",2672.7881053431,"Drought","Modern",3518.62413306049,"ARTR",0,"Modern","Drought"
2013,"E1","Q32",2541.81354638001,"Irrigation","Modern",3518.62413306049,"ARTR",0,"Modern","Irrigation"
2013,"E1","Q2",3633.84566640567,"Control","Modern",3518.62413306049,"ARTR",0,"Modern","ControlModern"
2013,"P10E1","Q25",2090.48482134241,"Control","Modern",1506.00771620133,"ARTR",0,"Modern","ControlModern"
2013,"P10E1","Q24",1121.18941479884,"Control","Modern",1506.00771620133,"ARTR",0,"Modern","ControlModern"
2013,"P10E1","Q26",2748.86479036183,"Control","Modern",1506.00771620133,"ARTR",0,"Modern","ControlModern"
2013,"P10E1","Q23",63.4918383022435,"Control","Modern",1506.00771620133,"ARTR",0,"Modern","ControlModern"
2013,"P7E1","Q21",0.249999999999986,"Control","Modern",1149.23890566028,"ARTR",1,"Modern","ControlModern"
2013,"P7E1","Q19",1161.97628874794,"Control","Modern",1149.23890566028,"ARTR",0,"Modern","ControlModern"
2013,"P7E1","Q20",2285.49042823289,"Control","Modern",1149.23890566028,"ARTR",0,"Modern","ControlModern"
2014,"E1","Q33",6260.48713846695,"Irrigation","Modern",2426.8176353857,"ARTR",0,"Modern","Irrigation"
2014,"E1","Q32",2201.6308432727,"Irrigation","Modern",2426.8176353857,"ARTR",0,"Modern","Irrigation"
2014,"E1","Q31",1978.13531488554,"Drought","Modern",2426.8176353857,"ARTR",0,"Modern","Drought"
2014,"E1","Q44",367.389033220596,"Irrigation","Modern",2426.8176353857,"ARTR",0,"Modern","Irrigation"
2014,"E1","Q2",3534.06744598887,"Control","Modern",2426.8176353857,"ARTR",0,"Modern","ControlModern"
2014,"E1","Q40",1525.4613153253,"Irrigation","Modern",2426.8176353857,"ARTR",0,"Modern","Irrigation"
2014,"E1","Q4",2153.99111059837,"Control","Modern",2426.8176353857,"ARTR",0,"Modern","ControlModern"
2014,"E1","Q3",3991.43704404034,"Control","Modern",2426.8176353857,"ARTR",0,"Modern","ControlModern"
2014,"E1","Q39",3972.33396024355,"Drought","Modern",2426.8176353857,"ARTR",0,"Modern","Drought"
2014,"E1","Q1",27.774940915213,"Control","Modern",2426.8176353857,"ARTR",0,"Modern","ControlModern"
2014,"E1","Q46",1426.0034188943,"Drought","Modern",2426.8176353857,"ARTR",0,"Modern","Drought"
2014,"E1","Q41",1303.49033441027,"Drought","Modern",2426.8176353857,"ARTR",0,"Modern","Drought"
2014,"E1","Q45",2903.8544850288,"Irrigation","Modern",2426.8176353857,"ARTR",0,"Modern","Irrigation"
2014,"E1","Q43",344.241424707105,"Drought","Modern",2426.8176353857,"ARTR",1,"Modern","Drought"
2014,"P10E1","Q25",1471.56062253597,"Control","Modern",1284.14576546517,"ARTR",0,"Modern","ControlModern"
2014,"P10E1","Q24",1568.52952373333,"Control","Modern",1284.14576546517,"ARTR",0,"Modern","ControlModern"
2014,"P10E1","Q23",102.20288958885,"Control","Modern",1284.14576546517,"ARTR",0,"Modern","ControlModern"
2014,"P10E1","Q26",1994.29002600253,"Control","Modern",1284.14576546517,"ARTR",0,"Modern","ControlModern"
2014,"P7E1","Q19",1328.61158082711,"Control","Modern",1285.91609776429,"ARTR",0,"Modern","ControlModern"
2014,"P7E1","Q20",2525.82540791018,"Control","Modern",1285.91609776429,"ARTR",0,"Modern","ControlModern"
2014,"P7E1","Q21",3.31130455557349,"Control","Modern",1285.91609776429,"ARTR",0,"Modern","ControlModern"
2015,"E1","Q40",1958.23294861438,"Irrigation","Modern",2578.8790717149,"ARTR",0,"Modern","Irrigation"
2015,"E1","Q1",27.048965303501,"Control","Modern",2578.8790717149,"ARTR",0,"Modern","ControlModern"
2015,"E1","Q32",1973.88039346266,"Irrigation","Modern",2578.8790717149,"ARTR",3,"Modern","Irrigation"
2015,"E1","Q3",3756.59148575097,"Control","Modern",2578.8790717149,"ARTR",0,"Modern","ControlModern"
2015,"E1","Q31",2710.44676279762,"Drought","Modern",2578.8790717149,"ARTR",10,"Modern","Drought"
2015,"E1","Q39",2268.34574891872,"Drought","Modern",2578.8790717149,"ARTR",5,"Modern","Drought"
2015,"E1","Q46",1882.92239468682,"Drought","Modern",2578.8790717149,"ARTR",0,"Modern","Drought"
2015,"E1","Q45",3124.8850833797,"Irrigation","Modern",2578.8790717149,"ARTR",0,"Modern","Irrigation"
2015,"E1","Q44",365.298964571594,"Irrigation","Modern",2578.8790717149,"ARTR",0,"Modern","Irrigation"
2015,"E1","Q2",4266.10619343245,"Control","Modern",2578.8790717149,"ARTR",0,"Modern","ControlModern"
2015,"E1","Q41",908.171472698908,"Drought","Modern",2578.8790717149,"ARTR",0,"Modern","Drought"
2015,"E1","Q43",449.142932287368,"Drought","Modern",2578.8790717149,"ARTR",0,"Modern","Drought"
2015,"E1","Q4",2265.76964237267,"Control","Modern",2578.8790717149,"ARTR",1,"Modern","ControlModern"
2015,"E1","Q33",5650.99744549297,"Irrigation","Modern",2578.8790717149,"ARTR",6,"Modern","Irrigation"
2015,"P10E1","Q25",1555.92182092477,"Control","Modern",1192.62892264719,"ARTR",0,"Modern","ControlModern"
2015,"P10E1","Q23",44.9479611551433,"Control","Modern",1192.62892264719,"ARTR",1,"Modern","ControlModern"
2015,"P10E1","Q24",954.075761414188,"Control","Modern",1192.62892264719,"ARTR",0,"Modern","ControlModern"
2015,"P10E1","Q26",2215.57014709465,"Control","Modern",1192.62892264719,"ARTR",0,"Modern","ControlModern"
2015,"P7E1","Q19",1467.38634142187,"Control","Modern",1367.02426169586,"ARTR",0,"Modern","ControlModern"
2015,"P7E1","Q21",49.0939867034461,"Control","Modern",1367.02426169586,"ARTR",0,"Modern","ControlModern"
2015,"P7E1","Q20",2584.59245696226,"Control","Modern",1367.02426169586,"ARTR",1,"Modern","ControlModern"
