"year","Group","quad","cov.POSE","Treatment","Period","Gcov.POSE","species","Y","Treatment2","Treatment3"
1926,"P1E1","Q8",392.021542205062,"Control","Historical",392.021542205062,"POSE",3,"Control","Control"
1926,"P7E1","Q19",69.3500073326453,"Control","Historical",39.6426750960554,"POSE",4,"Control","Control"
1926,"P7E1","Q20",9.93534285946551,"Control","Historical",39.6426750960554,"POSE",2,"Control","Control"
1929,"P1E1","Q7",55.8332226630708,"Control","Historical",79.5521520989959,"POSE",6,"Control","Control"
1929,"P1E1","Q8",103.271081534921,"Control","Historical",79.5521520989959,"POSE",5,"Control","Control"
1929,"P7E1","Q19",22.4023242842532,"Control","Historical",21.2758484209207,"POSE",2,"Control","Control"
1929,"P7E1","Q20",20.1493725575882,"Control","Historical",21.2758484209207,"POSE",0,"Control","Control"
1930,"P1","Q12",0.467581197706075,"Control","Historical",9.20370149071926,"POSE",2,"Control","Control"
1930,"P1","Q13",9.40469688218302,"Control","Historical",9.20370149071926,"POSE",3,"Control","Control"
1930,"P1","Q14",7.77410536468734,"Control","Historical",9.20370149071926,"POSE",1,"Control","Control"
1930,"P1","Q11",19.1684225183006,"Control","Historical",9.20370149071926,"POSE",8,"Control","Control"
1930,"P1E1","Q8",94.8115443593122,"Control","Historical",62.6666250103412,"POSE",0,"Control","Control"
1930,"P1E1","Q10",58.2733278594146,"Control","Historical",62.6666250103412,"POSE",1,"Control","Control"
1930,"P1E1","Q7",78.8413925372747,"Control","Historical",62.6666250103412,"POSE",3,"Control","Control"
1930,"P1E1","Q9",18.7402352853633,"Control","Historical",62.6666250103412,"POSE",4,"Control","Control"
1930,"P2","Q16",11.4627922519815,"Control","Historical",10.7920717332137,"POSE",5,"Control","Control"
1930,"P2","Q18",10.121351214446,"Control","Historical",10.7920717332137,"POSE",1,"Control","Control"
1930,"P7E1","Q19",30.1171172660824,"Control","Historical",35.2174438023481,"POSE",2,"Control","Control"
1930,"P7E1","Q20",14.6565671560706,"Control","Historical",35.2174438023481,"POSE",10,"Control","Control"
1930,"P7E1","Q21",57.4623571591234,"Control","Historical",35.2174438023481,"POSE",0,"Control","Control"
1930,"P7E1","Q22",38.6337336281162,"Control","Historical",35.2174438023481,"POSE",2,"Control","Control"
1931,"P1","Q12",2.21736600259943,"Control","Historical",12.4208156866049,"POSE",0,"Control","Control"
1931,"P1","Q14",3.44734482702976,"Control","Historical",12.4208156866049,"POSE",4,"Control","Control"
1931,"P1","Q13",10.6767319249276,"Control","Historical",12.4208156866049,"POSE",1,"Control","Control"
1931,"P1","Q11",33.3418199918627,"Control","Historical",12.4208156866049,"POSE",4,"Control","Control"
1931,"P1E1","Q10",68.5841792165205,"Control","Historical",51.5543766055613,"POSE",0,"Control","Control"
1931,"P1E1","Q9",21.4367830085566,"Control","Historical",51.5543766055613,"POSE",1,"Control","Control"
1931,"P1E1","Q7",46.325775131694,"Control","Historical",51.5543766055613,"POSE",2,"Control","Control"
1931,"P1E1","Q8",69.870769065474,"Control","Historical",51.5543766055613,"POSE",2,"Control","Control"
1931,"P2","Q15",19.1996894875172,"Control","Historical",19.6330593812197,"POSE",0,"Control","Control"
1931,"P2","Q17",3.14292899416048,"Control","Historical",19.6330593812197,"POSE",0,"Control","Control"
1931,"P2","Q16",38.8724357497,"Control","Historical",19.6330593812197,"POSE",0,"Control","Control"
1931,"P2","Q18",17.3171832935011,"Control","Historical",19.6330593812197,"POSE",0,"Control","Control"
1931,"P7E1","Q20",41.1781603721088,"Control","Historical",31.5143471267149,"POSE",1,"Control","Control"
1931,"P7E1","Q21",24.7819581614744,"Control","Historical",31.5143471267149,"POSE",1,"Control","Control"
1931,"P7E1","Q19",26.0659955947399,"Control","Historical",31.5143471267149,"POSE",0,"Control","Control"
1931,"P7E1","Q22",34.0312743785365,"Control","Historical",31.5143471267149,"POSE",0,"Control","Control"
1932,"E1","Q1",118.756786978263,"Control","Historical",112.320356849635,"POSE",3,"Control","Control"
1932,"E1","Q4",2.21478031789106,"Control","Historical",112.320356849635,"POSE",1,"Control","Control"
1932,"E1","Q2",28.4372387710649,"Control","Historical",112.320356849635,"POSE",0,"Control","Control"
1932,"E1","Q6",66.9096804568288,"Control","Historical",112.320356849635,"POSE",0,"Control","Control"
1932,"E1","Q5",321.724118152441,"Control","Historical",112.320356849635,"POSE",0,"Control","Control"
1932,"E1","Q3",135.879536421323,"Control","Historical",112.320356849635,"POSE",4,"Control","Control"
1932,"P1","Q11",271.068315642974,"Control","Historical",97.5366280163903,"POSE",4,"Control","Control"
1932,"P1","Q14",8.20695333252026,"Control","Historical",97.5366280163903,"POSE",5,"Control","Control"
1932,"P1","Q13",13.3346150736765,"Control","Historical",97.5366280163903,"POSE",3,"Control","Control"
1932,"P10E1","Q26",14.5589216656216,"Control","Historical",18.2743166472658,"POSE",1,"Control","Control"
1932,"P10E1","Q25",5.83281609314371,"Control","Historical",18.2743166472658,"POSE",1,"Control","Control"
1932,"P10E1","Q23",34.431212183032,"Control","Historical",18.2743166472658,"POSE",39,"Control","Control"
1932,"P1E1","Q8",48.2302523047886,"Control","Historical",66.216814136626,"POSE",1,"Control","Control"
1932,"P1E1","Q9",24.9388475112932,"Control","Historical",66.216814136626,"POSE",0,"Control","Control"
1932,"P1E1","Q7",125.33770070931,"Control","Historical",66.216814136626,"POSE",0,"Control","Control"
1932,"P1E1","Q10",66.3604560211123,"Control","Historical",66.216814136626,"POSE",3,"Control","Control"
1932,"P7E1","Q19",52.2000094929079,"Control","Historical",27.5565706683098,"POSE",1,"Control","Control"
1932,"P7E1","Q22",19.3951281019862,"Control","Historical",27.5565706683098,"POSE",1,"Control","Control"
1932,"P7E1","Q21",29.7512420157472,"Control","Historical",27.5565706683098,"POSE",0,"Control","Control"
1932,"P7E1","Q20",8.879903062598,"Control","Historical",27.5565706683098,"POSE",0,"Control","Control"
1933,"E1","Q1",45.8550710128392,"Control","Historical",68.7806746782238,"POSE",2,"Control","Control"
1933,"E1","Q2",9.6077418278864,"Control","Historical",68.7806746782238,"POSE",1,"Control","Control"
1933,"E1","Q6",31.0451866630974,"Control","Historical",68.7806746782238,"POSE",3,"Control","Control"
1933,"E1","Q5",246.39955660405,"Control","Historical",68.7806746782238,"POSE",2,"Control","Control"
1933,"E1","Q4",1.55974952234484,"Control","Historical",68.7806746782238,"POSE",0,"Control","Control"
1933,"E1","Q3",78.216742439125,"Control","Historical",68.7806746782238,"POSE",2,"Control","Control"
1933,"P1","Q14",34.7999658412833,"Control","Historical",37.0046252379539,"POSE",0,"Control","Control"
1933,"P1","Q13",17.4702424326471,"Control","Historical",37.0046252379539,"POSE",1,"Control","Control"
1933,"P1","Q11",58.7436674399314,"Control","Historical",37.0046252379539,"POSE",2,"Control","Control"
1933,"P10E1","Q25",7.55491350967095,"Control","Historical",86.3841725063688,"POSE",0,"Control","Control"
1933,"P10E1","Q26",0.802672682179335,"Control","Historical",86.3841725063688,"POSE",1,"Control","Control"
1933,"P10E1","Q23",250.794931327256,"Control","Historical",86.3841725063688,"POSE",2,"Control","Control"
1933,"P1E1","Q8",47.6939937615416,"Control","Historical",61.7623070225898,"POSE",0,"Control","Control"
1933,"P1E1","Q9",56.424391466339,"Control","Historical",61.7623070225898,"POSE",0,"Control","Control"
1933,"P1E1","Q10",72.6676587897091,"Control","Historical",61.7623070225898,"POSE",2,"Control","Control"
1933,"P1E1","Q7",70.2631840727694,"Control","Historical",61.7623070225898,"POSE",0,"Control","Control"
1933,"P7E1","Q20",49.6046439714355,"Control","Historical",40.3271883209387,"POSE",0,"Control","Control"
1933,"P7E1","Q22",46.3540810839679,"Control","Historical",40.3271883209387,"POSE",1,"Control","Control"
1933,"P7E1","Q21",18.2143977771049,"Control","Historical",40.3271883209387,"POSE",4,"Control","Control"
1933,"P7E1","Q19",47.1356304512466,"Control","Historical",40.3271883209387,"POSE",3,"Control","Control"
1934,"E1","Q3",29.8069575108217,"Control","Historical",58.0987711405246,"POSE",4,"Control","Control"
1934,"E1","Q6",14.9947891788231,"Control","Historical",58.0987711405246,"POSE",2,"Control","Control"
1934,"E1","Q5",262.362493491004,"Control","Historical",58.0987711405246,"POSE",2,"Control","Control"
1934,"E1","Q1",32.0972995306516,"Control","Historical",58.0987711405246,"POSE",4,"Control","Control"
1934,"E1","Q4",1.13219076106765,"Control","Historical",58.0987711405246,"POSE",6,"Control","Control"
1934,"E1","Q2",8.19889637077945,"Control","Historical",58.0987711405246,"POSE",6,"Control","Control"
1934,"P1","Q14",14.2422,"Control","Historical",27.1629926323171,"POSE",1,"Control","Control"
1934,"P1","Q13",18.3650563940206,"Control","Historical",27.1629926323171,"POSE",4,"Control","Control"
1934,"P1","Q11",75.794714135248,"Control","Historical",27.1629926323171,"POSE",9,"Control","Control"
1934,"P1","Q12",0.25,"Control","Historical",27.1629926323171,"POSE",6,"Control","Control"
1934,"P10E1","Q23",27.9067719405824,"Control","Historical",8.10370632258867,"POSE",5,"Control","Control"
1934,"P10E1","Q25",2.32415686250163,"Control","Historical",8.10370632258867,"POSE",3,"Control","Control"
1934,"P10E1","Q24",0.639904214216317,"Control","Historical",8.10370632258867,"POSE",1,"Control","Control"
1934,"P10E1","Q26",1.54399227305434,"Control","Historical",8.10370632258867,"POSE",1,"Control","Control"
1934,"P1E1","Q10",21.5870277016835,"Control","Historical",31.4053593472002,"POSE",7,"Control","Control"
1934,"P1E1","Q9",30.8763919271897,"Control","Historical",31.4053593472002,"POSE",4,"Control","Control"
1934,"P1E1","Q7",23.8860626550012,"Control","Historical",31.4053593472002,"POSE",2,"Control","Control"
1934,"P1E1","Q8",49.2719551049262,"Control","Historical",31.4053593472002,"POSE",1,"Control","Control"
1934,"P2","Q15",2.00354999999995,"Control","Historical",4.84305676909966,"POSE",12,"Control","Control"
1934,"P2","Q18",10.6070588993674,"Control","Historical",4.84305676909966,"POSE",1,"Control","Control"
1934,"P2","Q17",1.91856140793162,"Control","Historical",4.84305676909966,"POSE",0,"Control","Control"
1934,"P7E1","Q19",25.5454964798754,"Control","Historical",21.8547996169858,"POSE",3,"Control","Control"
1934,"P7E1","Q22",24.6856068823953,"Control","Historical",21.8547996169858,"POSE",3,"Control","Control"
1934,"P7E1","Q21",15.6812701153057,"Control","Historical",21.8547996169858,"POSE",2,"Control","Control"
1934,"P7E1","Q20",21.5068249903666,"Control","Historical",21.8547996169858,"POSE",6,"Control","Control"
1935,"E1","Q2",22.809962214491,"Control","Historical",49.5862733070393,"POSE",12,"Control","Control"
1935,"E1","Q6",8.50099246767884,"Control","Historical",49.5862733070393,"POSE",3,"Control","Control"
1935,"E1","Q5",130.967799764047,"Control","Historical",49.5862733070393,"POSE",1,"Control","Control"
1935,"E1","Q1",64.7075210462682,"Control","Historical",49.5862733070393,"POSE",0,"Control","Control"
1935,"E1","Q3",50.2484694377787,"Control","Historical",49.5862733070393,"POSE",0,"Control","Control"
1935,"E1","Q4",20.2828949119723,"Control","Historical",49.5862733070393,"POSE",4,"Control","Control"
1935,"P1","Q13",6.92425542650292,"Control","Historical",39.4713526651335,"POSE",1,"Control","Control"
1935,"P1","Q12",5.91055840298877,"Control","Historical",39.4713526651335,"POSE",0,"Control","Control"
1935,"P1","Q11",117.435135122966,"Control","Historical",39.4713526651335,"POSE",0,"Control","Control"
1935,"P1","Q14",27.6154617080764,"Control","Historical",39.4713526651335,"POSE",0,"Control","Control"
1935,"P10E1","Q26",1.14509757656372,"Control","Historical",22.6010233473851,"POSE",0,"Control","Control"
1935,"P10E1","Q23",81.8558079981792,"Control","Historical",22.6010233473851,"POSE",2,"Control","Control"
1935,"P10E1","Q25",6.65318781479753,"Control","Historical",22.6010233473851,"POSE",0,"Control","Control"
1935,"P10E1","Q24",0.750000000000001,"Control","Historical",22.6010233473851,"POSE",0,"Control","Control"
1935,"P1E1","Q10",95.3903300639398,"Control","Historical",54.2933047455923,"POSE",2,"Control","Control"
1935,"P1E1","Q8",49.8870740185847,"Control","Historical",54.2933047455923,"POSE",0,"Control","Control"
1935,"P1E1","Q9",45.4222704753207,"Control","Historical",54.2933047455923,"POSE",1,"Control","Control"
1935,"P1E1","Q7",26.4735444245239,"Control","Historical",54.2933047455923,"POSE",0,"Control","Control"
1935,"P7E1","Q20",25.1881608896839,"Control","Historical",31.5988911289004,"POSE",0,"Control","Control"
1935,"P7E1","Q21",11.2730874356019,"Control","Historical",31.5988911289004,"POSE",0,"Control","Control"
1935,"P7E1","Q19",49.8103296623823,"Control","Historical",31.5988911289004,"POSE",1,"Control","Control"
1935,"P7E1","Q22",40.1239865279336,"Control","Historical",31.5988911289004,"POSE",1,"Control","Control"
1936,"E1","Q2",21.16745303199,"Control","Historical",40.8013174131817,"POSE",9,"Control","Control"
1936,"E1","Q6",15.8387292249272,"Control","Historical",40.8013174131817,"POSE",0,"Control","Control"
1936,"E1","Q5",75.5083728912056,"Control","Historical",40.8013174131817,"POSE",3,"Control","Control"
1936,"E1","Q3",46.7527439971987,"Control","Historical",40.8013174131817,"POSE",0,"Control","Control"
1936,"E1","Q4",18.993669265839,"Control","Historical",40.8013174131817,"POSE",2,"Control","Control"
1936,"E1","Q1",66.54693606793,"Control","Historical",40.8013174131817,"POSE",1,"Control","Control"
1936,"P1","Q12",4.18670321376878,"Control","Historical",30.4625226344979,"POSE",0,"Control","Control"
1936,"P1","Q13",3.72181884895912,"Control","Historical",30.4625226344979,"POSE",0,"Control","Control"
1936,"P1","Q11",89.5902454866532,"Control","Historical",30.4625226344979,"POSE",2,"Control","Control"
1936,"P1","Q14",24.3513229886106,"Control","Historical",30.4625226344979,"POSE",0,"Control","Control"
1936,"P10E1","Q24",1.96806381745568,"Control","Historical",20.3785654220227,"POSE",0,"Control","Control"
1936,"P10E1","Q25",8.07244854206765,"Control","Historical",20.3785654220227,"POSE",0,"Control","Control"
1936,"P10E1","Q26",1.40493469744953,"Control","Historical",20.3785654220227,"POSE",0,"Control","Control"
1936,"P10E1","Q23",70.0688146311181,"Control","Historical",20.3785654220227,"POSE",1,"Control","Control"
1936,"P1E1","Q10",93.0569219279164,"Control","Historical",47.4515268101413,"POSE",6,"Control","Control"
1936,"P1E1","Q9",55.604849990284,"Control","Historical",47.4515268101413,"POSE",0,"Control","Control"
1936,"P1E1","Q7",19.269452112753,"Control","Historical",47.4515268101413,"POSE",3,"Control","Control"
1936,"P1E1","Q8",21.8748832096116,"Control","Historical",47.4515268101413,"POSE",1,"Control","Control"
1936,"P7E1","Q20",18.0664304932618,"Control","Historical",28.7027254803027,"POSE",2,"Control","Control"
1936,"P7E1","Q19",50.7798539703876,"Control","Historical",28.7027254803027,"POSE",3,"Control","Control"
1936,"P7E1","Q21",14.314120980043,"Control","Historical",28.7027254803027,"POSE",9,"Control","Control"
1936,"P7E1","Q22",31.6504964775182,"Control","Historical",28.7027254803027,"POSE",1,"Control","Control"
1937,"E1","Q3",41.1326807364221,"Control","Historical",49.1945452558836,"POSE",3,"Control","Control"
1937,"E1","Q6",22.5140268794927,"Control","Historical",49.1945452558836,"POSE",3,"Control","Control"
1937,"E1","Q5",116.859820538709,"Control","Historical",49.1945452558836,"POSE",1,"Control","Control"
1937,"E1","Q4",18.3336888608607,"Control","Historical",49.1945452558836,"POSE",2,"Control","Control"
1937,"E1","Q2",14.5333378714104,"Control","Historical",49.1945452558836,"POSE",10,"Control","Control"
1937,"E1","Q1",81.7937166484064,"Control","Historical",49.1945452558836,"POSE",1,"Control","Control"
1937,"P1","Q13",4.54775820242321,"Control","Historical",29.9714315902791,"POSE",3,"Control","Control"
1937,"P1","Q14",23.3526434834013,"Control","Historical",29.9714315902791,"POSE",1,"Control","Control"
1937,"P1","Q12",9.26969989108275,"Control","Historical",29.9714315902791,"POSE",8,"Control","Control"
1937,"P1","Q11",82.7156247842093,"Control","Historical",29.9714315902791,"POSE",4,"Control","Control"
1937,"P10E1","Q25",12.9444981515327,"Control","Historical",22.7172478514683,"POSE",3,"Control","Control"
1937,"P10E1","Q24",2.93516853363101,"Control","Historical",22.7172478514683,"POSE",2,"Control","Control"
1937,"P10E1","Q26",0.864482175447476,"Control","Historical",22.7172478514683,"POSE",1,"Control","Control"
1937,"P10E1","Q23",74.1248425452621,"Control","Historical",22.7172478514683,"POSE",4,"Control","Control"
1937,"P1E1","Q8",36.0736314746913,"Control","Historical",53.8707808924615,"POSE",0,"Control","Control"
1937,"P1E1","Q7",41.3002306549691,"Control","Historical",53.8707808924615,"POSE",1,"Control","Control"
1937,"P1E1","Q9",49.7973015683254,"Control","Historical",53.8707808924615,"POSE",1,"Control","Control"
1937,"P1E1","Q10",88.3119598718604,"Control","Historical",53.8707808924615,"POSE",1,"Control","Control"
1937,"P7E1","Q20",24.139214553109,"Control","Historical",40.7409769874671,"POSE",2,"Control","Control"
1937,"P7E1","Q19",68.0230579732825,"Control","Historical",40.7409769874671,"POSE",0,"Control","Control"
1937,"P7E1","Q21",20.0483385784767,"Control","Historical",40.7409769874671,"POSE",0,"Control","Control"
1937,"P7E1","Q22",50.7532968450002,"Control","Historical",40.7409769874671,"POSE",8,"Control","Control"
1938,"E1","Q2",27.6708066325591,"Control","Historical",47.76141675459,"POSE",0,"Control","Control"
1938,"E1","Q5",99.1308695416755,"Control","Historical",47.76141675459,"POSE",0,"Control","Control"
1938,"E1","Q3",49.8637188635379,"Control","Historical",47.76141675459,"POSE",0,"Control","Control"
1938,"E1","Q6",24.1721916865817,"Control","Historical",47.76141675459,"POSE",0,"Control","Control"
1938,"E1","Q1",63.8991580660669,"Control","Historical",47.76141675459,"POSE",2,"Control","Control"
1938,"E1","Q4",21.8317557371186,"Control","Historical",47.76141675459,"POSE",1,"Control","Control"
1938,"P1","Q13",6.78682312693232,"Control","Historical",38.2458586568007,"POSE",1,"Control","Control"
1938,"P1","Q11",113.035294636701,"Control","Historical",38.2458586568007,"POSE",4,"Control","Control"
1938,"P1","Q12",3.72313728184161,"Control","Historical",38.2458586568007,"POSE",2,"Control","Control"
1938,"P1","Q14",29.438179581728,"Control","Historical",38.2458586568007,"POSE",1,"Control","Control"
1938,"P10E1","Q25",22.8194978471848,"Control","Historical",35.4280512890142,"POSE",1,"Control","Control"
1938,"P10E1","Q26",2.10533461526271,"Control","Historical",35.4280512890142,"POSE",0,"Control","Control"
1938,"P10E1","Q23",111.620569720946,"Control","Historical",35.4280512890142,"POSE",3,"Control","Control"
1938,"P10E1","Q24",5.16680297266321,"Control","Historical",35.4280512890142,"POSE",0,"Control","Control"
1938,"P1E1","Q8",33.6657694410618,"Control","Historical",54.5400729733591,"POSE",4,"Control","Control"
1938,"P1E1","Q7",10.1400502614778,"Control","Historical",54.5400729733591,"POSE",0,"Control","Control"
1938,"P1E1","Q10",114.439674315002,"Control","Historical",54.5400729733591,"POSE",0,"Control","Control"
1938,"P1E1","Q9",59.914797875895,"Control","Historical",54.5400729733591,"POSE",1,"Control","Control"
1938,"P7E1","Q21",31.5543372050583,"Control","Historical",32.9308896592821,"POSE",1,"Control","Control"
1938,"P7E1","Q20",15.3389532820387,"Control","Historical",32.9308896592821,"POSE",0,"Control","Control"
1938,"P7E1","Q19",38.6463366970269,"Control","Historical",32.9308896592821,"POSE",1,"Control","Control"
1938,"P7E1","Q22",46.1839314530043,"Control","Historical",32.9308896592821,"POSE",2,"Control","Control"
1939,"E1","Q2",47.0877045265652,"Control","Historical",63.7626388974565,"POSE",2,"Control","Control"
1939,"E1","Q1",83.594806487072,"Control","Historical",63.7626388974565,"POSE",2,"Control","Control"
1939,"E1","Q3",74.1306244229172,"Control","Historical",63.7626388974565,"POSE",6,"Control","Control"
1939,"E1","Q6",28.2133174619441,"Control","Historical",63.7626388974565,"POSE",0,"Control","Control"
1939,"E1","Q5",110.026841972333,"Control","Historical",63.7626388974565,"POSE",1,"Control","Control"
1939,"E1","Q4",39.5225385139076,"Control","Historical",63.7626388974565,"POSE",2,"Control","Control"
1939,"P1","Q12",6.46360677812817,"Control","Historical",68.3078075519534,"POSE",1,"Control","Control"
1939,"P1","Q11",205.994640705055,"Control","Historical",68.3078075519534,"POSE",4,"Control","Control"
1939,"P1","Q13",13.3798615886259,"Control","Historical",68.3078075519534,"POSE",2,"Control","Control"
1939,"P1","Q14",47.3931211360044,"Control","Historical",68.3078075519534,"POSE",0,"Control","Control"
1939,"P10E1","Q26",4.54556574097703,"Control","Historical",49.4082930935611,"POSE",0,"Control","Control"
1939,"P10E1","Q24",3.31185280454418,"Control","Historical",49.4082930935611,"POSE",0,"Control","Control"
1939,"P10E1","Q23",167.647997788483,"Control","Historical",49.4082930935611,"POSE",1,"Control","Control"
1939,"P10E1","Q25",22.1277560402401,"Control","Historical",49.4082930935611,"POSE",1,"Control","Control"
1939,"P1E1","Q9",78.182281477339,"Control","Historical",61.6178184961526,"POSE",1,"Control","Control"
1939,"P1E1","Q8",42.1299862111433,"Control","Historical",61.6178184961526,"POSE",2,"Control","Control"
1939,"P1E1","Q7",18.014874149738,"Control","Historical",61.6178184961526,"POSE",3,"Control","Control"
1939,"P1E1","Q10",108.14413214639,"Control","Historical",61.6178184961526,"POSE",4,"Control","Control"
1939,"P7E1","Q20",11.4614975875315,"Control","Historical",31.5758266817978,"POSE",0,"Control","Control"
1939,"P7E1","Q21",29.8737221725558,"Control","Historical",31.5758266817978,"POSE",3,"Control","Control"
1939,"P7E1","Q19",37.989446550627,"Control","Historical",31.5758266817978,"POSE",3,"Control","Control"
1939,"P7E1","Q22",46.9786404164769,"Control","Historical",31.5758266817978,"POSE",0,"Control","Control"
1940,"E1","Q5",126.873356341646,"Control","Historical",71.7999712991618,"POSE",30,"Control","Control"
1940,"E1","Q3",109.998335720489,"Control","Historical",71.7999712991618,"POSE",8,"Control","Control"
1940,"E1","Q2",30.8798566017307,"Control","Historical",71.7999712991618,"POSE",12,"Control","Control"
1940,"E1","Q4",35.9668298472046,"Control","Historical",71.7999712991618,"POSE",32,"Control","Control"
1940,"E1","Q1",106.494979895548,"Control","Historical",71.7999712991618,"POSE",12,"Control","Control"
1940,"E1","Q6",20.5864693883526,"Control","Historical",71.7999712991618,"POSE",12,"Control","Control"
1940,"P1","Q11",121.472650817122,"Control","Historical",40.9221187586854,"POSE",13,"Control","Control"
1940,"P1","Q12",8.93965612239907,"Control","Historical",40.9221187586854,"POSE",30,"Control","Control"
1940,"P1","Q14",18.7659453275981,"Control","Historical",40.9221187586854,"POSE",11,"Control","Control"
1940,"P1","Q13",14.5102227676225,"Control","Historical",40.9221187586854,"POSE",19,"Control","Control"
1940,"P10E1","Q24",2.92636668065185,"Control","Historical",42.9703653065591,"POSE",13,"Control","Control"
1940,"P10E1","Q25",21.1276623844099,"Control","Historical",42.9703653065591,"POSE",10,"Control","Control"
1940,"P10E1","Q23",141.911617162221,"Control","Historical",42.9703653065591,"POSE",8,"Control","Control"
1940,"P10E1","Q26",5.91581499895361,"Control","Historical",42.9703653065591,"POSE",11,"Control","Control"
1940,"P1E1","Q10",79.231274806846,"Control","Historical",49.580982578606,"POSE",3,"Control","Control"
1940,"P1E1","Q9",58.1092952579542,"Control","Historical",49.580982578606,"POSE",6,"Control","Control"
1940,"P1E1","Q8",43.132030530702,"Control","Historical",49.580982578606,"POSE",8,"Control","Control"
1940,"P1E1","Q7",17.8513297189216,"Control","Historical",49.580982578606,"POSE",6,"Control","Control"
1940,"P7E1","Q22",51.7462928017931,"Control","Historical",30.2963279220375,"POSE",10,"Control","Control"
1940,"P7E1","Q19",18.439674298318,"Control","Historical",30.2963279220375,"POSE",8,"Control","Control"
1940,"P7E1","Q20",10.4697656758238,"Control","Historical",30.2963279220375,"POSE",29,"Control","Control"
1940,"P7E1","Q21",40.5295789122152,"Control","Historical",30.2963279220375,"POSE",22,"Control","Control"
1941,"E1","Q2",36.8023496337949,"Control","Historical",64.6762854884889,"POSE",1,"Control","Control"
1941,"E1","Q3",104.316776508367,"Control","Historical",64.6762854884889,"POSE",20,"Control","Control"
1941,"E1","Q4",80.1175364804717,"Control","Historical",64.6762854884889,"POSE",48,"Control","Control"
1941,"E1","Q1",56.7329736453478,"Control","Historical",64.6762854884889,"POSE",3,"Control","Control"
1941,"E1","Q6",19.9951103292798,"Control","Historical",64.6762854884889,"POSE",26,"Control","Control"
1941,"E1","Q5",90.0929663336722,"Control","Historical",64.6762854884889,"POSE",13,"Control","Control"
1941,"P1","Q11",132.551128664687,"Control","Historical",61.9924828440032,"POSE",65,"Control","Control"
1941,"P1","Q13",25.9665340849152,"Control","Historical",61.9924828440032,"POSE",86,"Control","Control"
1941,"P1","Q14",27.4597857824074,"Control","Historical",61.9924828440032,"POSE",45,"Control","Control"
1941,"P10E1","Q24",6.40357932991938,"Control","Historical",35.383288998576,"POSE",1,"Control","Control"
1941,"P10E1","Q25",16.4864666868155,"Control","Historical",35.383288998576,"POSE",10,"Control","Control"
1941,"P10E1","Q26",18.1456497795302,"Control","Historical",35.383288998576,"POSE",31,"Control","Control"
1941,"P10E1","Q23",100.497460198039,"Control","Historical",35.383288998576,"POSE",25,"Control","Control"
1941,"P1E1","Q7",12.0585316432845,"Control","Historical",46.7644125519078,"POSE",18,"Control","Control"
1941,"P1E1","Q9",70.826067304351,"Control","Historical",46.7644125519078,"POSE",27,"Control","Control"
1941,"P1E1","Q10",71.4531357357332,"Control","Historical",46.7644125519078,"POSE",27,"Control","Control"
1941,"P1E1","Q8",32.7199155242626,"Control","Historical",46.7644125519078,"POSE",14,"Control","Control"
1941,"P7E1","Q21",54.1969095800064,"Control","Historical",46.6677353707082,"POSE",3,"Control","Control"
1941,"P7E1","Q20",25.5726985141531,"Control","Historical",46.6677353707082,"POSE",2,"Control","Control"
1941,"P7E1","Q19",32.4698674498751,"Control","Historical",46.6677353707082,"POSE",1,"Control","Control"
1941,"P7E1","Q22",74.431465938798,"Control","Historical",46.6677353707082,"POSE",11,"Control","Control"
1945,"E1","Q2",116.998683562287,"Control","Historical",171.950241373584,"POSE",6,"Control","Control"
1945,"E1","Q3",300.857350811781,"Control","Historical",171.950241373584,"POSE",9,"Control","Control"
1945,"E1","Q1",90.443364425064,"Control","Historical",171.950241373584,"POSE",3,"Control","Control"
1945,"E1","Q4",249.2488939961,"Control","Historical",171.950241373584,"POSE",7,"Control","Control"
1945,"E1","Q6",116.675668698691,"Control","Historical",171.950241373584,"POSE",4,"Control","Control"
1945,"E1","Q5",157.477486747581,"Control","Historical",171.950241373584,"POSE",3,"Control","Control"
1945,"P1","Q12",175.801609433729,"Control","Historical",183.135123607911,"POSE",6,"Control","Control"
1945,"P1","Q11",349.072748606195,"Control","Historical",183.135123607911,"POSE",0,"Control","Control"
1945,"P1","Q13",92.7255091030439,"Control","Historical",183.135123607911,"POSE",2,"Control","Control"
1945,"P1","Q14",114.940627288675,"Control","Historical",183.135123607911,"POSE",4,"Control","Control"
1945,"P10E1","Q25",86.6985407361574,"Control","Historical",114.456406782195,"POSE",3,"Control","Control"
1945,"P10E1","Q23",254.964251787487,"Control","Historical",114.456406782195,"POSE",2,"Control","Control"
1945,"P10E1","Q26",97.8948895144381,"Control","Historical",114.456406782195,"POSE",4,"Control","Control"
1945,"P10E1","Q24",18.2679450906969,"Control","Historical",114.456406782195,"POSE",2,"Control","Control"
1945,"P1E1","Q8",34.0733955904254,"Control","Historical",108.32061604331,"POSE",3,"Control","Control"
1945,"P1E1","Q7",83.2388594631584,"Control","Historical",108.32061604331,"POSE",1,"Control","Control"
1945,"P1E1","Q9",134.769179504136,"Control","Historical",108.32061604331,"POSE",1,"Control","Control"
1945,"P1E1","Q10",181.201029615519,"Control","Historical",108.32061604331,"POSE",16,"Control","Control"
1945,"P7E1","Q19",56.6891804037258,"Control","Historical",75.661762914048,"POSE",5,"Control","Control"
1945,"P7E1","Q21",101.800246876098,"Control","Historical",75.661762914048,"POSE",1,"Control","Control"
1945,"P7E1","Q22",96.7984994607818,"Control","Historical",75.661762914048,"POSE",3,"Control","Control"
1945,"P7E1","Q20",47.3591249155862,"Control","Historical",75.661762914048,"POSE",2,"Control","Control"
1946,"E1","Q2",86.3539343425976,"Control","Historical",154.751225181172,"POSE",1,"Control","Control"
1946,"E1","Q5",82.4354836432617,"Control","Historical",154.751225181172,"POSE",1,"Control","Control"
1946,"E1","Q1",113.135353730656,"Control","Historical",154.751225181172,"POSE",0,"Control","Control"
1946,"E1","Q4",195.884778112703,"Control","Historical",154.751225181172,"POSE",1,"Control","Control"
1946,"E1","Q3",344.786749138392,"Control","Historical",154.751225181172,"POSE",3,"Control","Control"
1946,"E1","Q6",105.911052119421,"Control","Historical",154.751225181172,"POSE",2,"Control","Control"
1946,"P1","Q11",358.196061842244,"Control","Historical",196.60878964325,"POSE",0,"Control","Control"
1946,"P1","Q12",125.042665276119,"Control","Historical",196.60878964325,"POSE",1,"Control","Control"
1946,"P1","Q13",123.768076484514,"Control","Historical",196.60878964325,"POSE",4,"Control","Control"
1946,"P1","Q14",179.428354970124,"Control","Historical",196.60878964325,"POSE",0,"Control","Control"
1946,"P10E1","Q26",133.464192128293,"Control","Historical",140.883541904855,"POSE",2,"Control","Control"
1946,"P10E1","Q23",230.716943200247,"Control","Historical",140.883541904855,"POSE",1,"Control","Control"
1946,"P10E1","Q25",172.716089153347,"Control","Historical",140.883541904855,"POSE",2,"Control","Control"
1946,"P10E1","Q24",26.6369431375324,"Control","Historical",140.883541904855,"POSE",1,"Control","Control"
1946,"P1E1","Q8",26.5627553824907,"Control","Historical",114.645546287383,"POSE",10,"Control","Control"
1946,"P1E1","Q9",83.6220168053983,"Control","Historical",114.645546287383,"POSE",1,"Control","Control"
1946,"P1E1","Q7",95.530333446105,"Control","Historical",114.645546287383,"POSE",1,"Control","Control"
1946,"P1E1","Q10",252.867079515539,"Control","Historical",114.645546287383,"POSE",7,"Control","Control"
1946,"P7E1","Q20",64.250239287595,"Control","Historical",93.6563019085362,"POSE",2,"Control","Control"
1946,"P7E1","Q21",154.53377839738,"Control","Historical",93.6563019085362,"POSE",2,"Control","Control"
1946,"P7E1","Q19",77.8430024592445,"Control","Historical",93.6563019085362,"POSE",1,"Control","Control"
1946,"P7E1","Q22",77.9981874899255,"Control","Historical",93.6563019085362,"POSE",1,"Control","Control"
1949,"E1","Q3",67.832700198116,"Control","Historical",38.2870868614698,"POSE",0,"Control","Control"
1949,"E1","Q1",56.3930686135699,"Control","Historical",38.2870868614698,"POSE",0,"Control","Control"
1949,"E1","Q2",11.2361152276728,"Control","Historical",38.2870868614698,"POSE",1,"Control","Control"
1949,"E1","Q6",66.4146034765581,"Control","Historical",38.2870868614698,"POSE",0,"Control","Control"
1949,"E1","Q4",2.38628821483274,"Control","Historical",38.2870868614698,"POSE",0,"Control","Control"
1949,"E1","Q5",25.4597454380693,"Control","Historical",38.2870868614698,"POSE",3,"Control","Control"
1949,"P1","Q11",35.1870094672717,"Control","Historical",32.3513880510431,"POSE",3,"Control","Control"
1949,"P1","Q13",46.3827603338338,"Control","Historical",32.3513880510431,"POSE",1,"Control","Control"
1949,"P1","Q12",8.73965430401083,"Control","Historical",32.3513880510431,"POSE",5,"Control","Control"
1949,"P1","Q14",39.0961280990561,"Control","Historical",32.3513880510431,"POSE",1,"Control","Control"
1949,"P10E1","Q26",45.745927078683,"Control","Historical",47.6400663662995,"POSE",2,"Control","Control"
1949,"P10E1","Q24",16.0904851699889,"Control","Historical",47.6400663662995,"POSE",0,"Control","Control"
1949,"P10E1","Q23",63.3715808290762,"Control","Historical",47.6400663662995,"POSE",2,"Control","Control"
1949,"P10E1","Q25",65.3522723874501,"Control","Historical",47.6400663662995,"POSE",3,"Control","Control"
1949,"P1E1","Q9",49.9287923817125,"Control","Historical",75.9117987221856,"POSE",6,"Control","Control"
1949,"P1E1","Q8",30.1138320598359,"Control","Historical",75.9117987221856,"POSE",4,"Control","Control"
1949,"P1E1","Q7",122.42502539176,"Control","Historical",75.9117987221856,"POSE",2,"Control","Control"
1949,"P1E1","Q10",101.179545055434,"Control","Historical",75.9117987221856,"POSE",1,"Control","Control"
1949,"P7E1","Q21",97.008646218085,"Control","Historical",57.609503119139,"POSE",2,"Control","Control"
1949,"P7E1","Q19",26.719150053615,"Control","Historical",57.609503119139,"POSE",0,"Control","Control"
1949,"P7E1","Q22",35.9152762992452,"Control","Historical",57.609503119139,"POSE",0,"Control","Control"
1949,"P7E1","Q20",70.7949399056108,"Control","Historical",57.609503119139,"POSE",2,"Control","Control"
1950,"E1","Q2",35.2159891953764,"Control","Historical",60.5665499449345,"POSE",0,"Control","Control"
1950,"E1","Q1",81.565880928735,"Control","Historical",60.5665499449345,"POSE",0,"Control","Control"
1950,"E1","Q4",1.66854730420762,"Control","Historical",60.5665499449345,"POSE",4,"Control","Control"
1950,"E1","Q3",79.2442283802646,"Control","Historical",60.5665499449345,"POSE",3,"Control","Control"
1950,"E1","Q5",58.5867274113493,"Control","Historical",60.5665499449345,"POSE",0,"Control","Control"
1950,"E1","Q6",107.117926449674,"Control","Historical",60.5665499449345,"POSE",2,"Control","Control"
1950,"P1","Q12",12.9234912984151,"Control","Historical",12.9234912984151,"POSE",9,"Control","Control"
1950,"P10E1","Q23",90.7727274835834,"Control","Historical",78.7284754923416,"POSE",6,"Control","Control"
1950,"P10E1","Q25",139.071013697753,"Control","Historical",78.7284754923416,"POSE",4,"Control","Control"
1950,"P10E1","Q24",15.6678773081319,"Control","Historical",78.7284754923416,"POSE",3,"Control","Control"
1950,"P10E1","Q26",69.4022834798983,"Control","Historical",78.7284754923416,"POSE",1,"Control","Control"
1950,"P1E1","Q9",49.4883403976583,"Control","Historical",79.8901038318315,"POSE",4,"Control","Control"
1950,"P1E1","Q8",27.0968222390518,"Control","Historical",79.8901038318315,"POSE",2,"Control","Control"
1950,"P1E1","Q7",105.936179099839,"Control","Historical",79.8901038318315,"POSE",2,"Control","Control"
1950,"P1E1","Q10",137.039073590777,"Control","Historical",79.8901038318315,"POSE",4,"Control","Control"
1950,"P7E1","Q22",43.2837313459707,"Control","Historical",59.9132188010983,"POSE",3,"Control","Control"
1950,"P7E1","Q20",55.2025189395447,"Control","Historical",59.9132188010983,"POSE",2,"Control","Control"
1950,"P7E1","Q19",31.7774059190696,"Control","Historical",59.9132188010983,"POSE",2,"Control","Control"
1950,"P7E1","Q21",109.389218999808,"Control","Historical",59.9132188010983,"POSE",1,"Control","Control"
1951,"E1","Q2",42.6340861017383,"Control","Historical",57.6184333973385,"POSE",2,"Control","Control"
1951,"E1","Q5",52.095598204387,"Control","Historical",57.6184333973385,"POSE",2,"Control","Control"
1951,"E1","Q1",83.8859086570934,"Control","Historical",57.6184333973385,"POSE",1,"Control","Control"
1951,"E1","Q3",74.1923400694044,"Control","Historical",57.6184333973385,"POSE",15,"Control","Control"
1951,"E1","Q6",89.6375784542257,"Control","Historical",57.6184333973385,"POSE",5,"Control","Control"
1951,"E1","Q4",3.26508889718221,"Control","Historical",57.6184333973385,"POSE",4,"Control","Control"
1951,"P1","Q12",29.7117076046716,"Control","Historical",29.7117076046716,"POSE",3,"Control","Control"
1951,"P10E1","Q24",13.3982679659875,"Control","Historical",100.319217770212,"POSE",1,"Control","Control"
1951,"P10E1","Q26",78.7180521926872,"Control","Historical",100.319217770212,"POSE",27,"Control","Control"
1951,"P10E1","Q25",227.99017888952,"Control","Historical",100.319217770212,"POSE",3,"Control","Control"
1951,"P10E1","Q23",81.1703720326523,"Control","Historical",100.319217770212,"POSE",1,"Control","Control"
1951,"P1E1","Q7",136.122733832737,"Control","Historical",91.7131971030727,"POSE",0,"Control","Control"
1951,"P1E1","Q9",61.3369309305788,"Control","Historical",91.7131971030727,"POSE",0,"Control","Control"
1951,"P1E1","Q10",103.39043363872,"Control","Historical",91.7131971030727,"POSE",3,"Control","Control"
1951,"P1E1","Q8",66.002690010255,"Control","Historical",91.7131971030727,"POSE",1,"Control","Control"
1951,"P7E1","Q19",24.107945462447,"Control","Historical",74.3466874406804,"POSE",2,"Control","Control"
1951,"P7E1","Q20",64.4961092378005,"Control","Historical",74.3466874406804,"POSE",2,"Control","Control"
1951,"P7E1","Q22",73.1814746293489,"Control","Historical",74.3466874406804,"POSE",6,"Control","Control"
1951,"P7E1","Q21",135.601220433125,"Control","Historical",74.3466874406804,"POSE",0,"Control","Control"
1954,"E1","Q4",24.3241011107794,"Control","Historical",28.1493191983547,"POSE",3,"Control","Control"
1954,"E1","Q3",28.8776390145371,"Control","Historical",28.1493191983547,"POSE",3,"Control","Control"
1954,"E1","Q2",24.8976144836798,"Control","Historical",28.1493191983547,"POSE",1,"Control","Control"
1954,"E1","Q5",8.24326238384424,"Control","Historical",28.1493191983547,"POSE",0,"Control","Control"
1954,"E1","Q6",50.9360290552317,"Control","Historical",28.1493191983547,"POSE",1,"Control","Control"
1954,"E1","Q1",31.6172691420561,"Control","Historical",28.1493191983547,"POSE",1,"Control","Control"
1954,"P1","Q12",30.1533850478945,"Control","Historical",30.1533850478945,"POSE",0,"Control","Control"
1954,"P10E1","Q25",92.3012346747931,"Control","Historical",73.9598139133143,"POSE",1,"Control","Control"
1954,"P10E1","Q24",12.6822181063413,"Control","Historical",73.9598139133143,"POSE",5,"Control","Control"
1954,"P10E1","Q26",98.3072522898781,"Control","Historical",73.9598139133143,"POSE",5,"Control","Control"
1954,"P10E1","Q23",92.5485505822448,"Control","Historical",73.9598139133143,"POSE",5,"Control","Control"
1954,"P1E1","Q9",13.1923420809712,"Control","Historical",42.375736402118,"POSE",0,"Control","Control"
1954,"P1E1","Q10",33.8204802097538,"Control","Historical",42.375736402118,"POSE",6,"Control","Control"
1954,"P1E1","Q7",83.2130169412071,"Control","Historical",42.375736402118,"POSE",4,"Control","Control"
1954,"P1E1","Q8",39.2771063765397,"Control","Historical",42.375736402118,"POSE",2,"Control","Control"
1954,"P7E1","Q20",57.0193956829836,"Control","Historical",45.2219179187811,"POSE",3,"Control","Control"
1954,"P7E1","Q22",61.4283981061682,"Control","Historical",45.2219179187811,"POSE",2,"Control","Control"
1954,"P7E1","Q19",28.2359810557087,"Control","Historical",45.2219179187811,"POSE",1,"Control","Control"
1954,"P7E1","Q21",34.2038968302639,"Control","Historical",45.2219179187811,"POSE",1,"Control","Control"
1955,"E1","Q4",15.526547249629,"Control","Historical",29.4918365834506,"POSE",2,"Control","Control"
1955,"E1","Q3",31.5965577263727,"Control","Historical",29.4918365834506,"POSE",0,"Control","Control"
1955,"E1","Q5",15.507586276313,"Control","Historical",29.4918365834506,"POSE",1,"Control","Control"
1955,"E1","Q6",62.9986612612629,"Control","Historical",29.4918365834506,"POSE",0,"Control","Control"
1955,"E1","Q1",26.6086715068871,"Control","Historical",29.4918365834506,"POSE",1,"Control","Control"
1955,"E1","Q2",24.712995480239,"Control","Historical",29.4918365834506,"POSE",5,"Control","Control"
1955,"P1","Q12",25.7613063540828,"Control","Historical",25.7613063540828,"POSE",1,"Control","Control"
1955,"P10E1","Q25",79.1508256543588,"Control","Historical",83.4279210683256,"POSE",9,"Control","Control"
1955,"P10E1","Q26",86.6202122105973,"Control","Historical",83.4279210683256,"POSE",4,"Control","Control"
1955,"P10E1","Q24",19.5982362311923,"Control","Historical",83.4279210683256,"POSE",0,"Control","Control"
1955,"P10E1","Q23",148.342410177154,"Control","Historical",83.4279210683256,"POSE",28,"Control","Control"
1955,"P1E1","Q10",53.1153451521641,"Control","Historical",55.3497557910504,"POSE",0,"Control","Control"
1955,"P1E1","Q8",55.5563577559552,"Control","Historical",55.3497557910504,"POSE",1,"Control","Control"
1955,"P1E1","Q9",31.8453876425225,"Control","Historical",55.3497557910504,"POSE",1,"Control","Control"
1955,"P1E1","Q7",80.88193261356,"Control","Historical",55.3497557910504,"POSE",0,"Control","Control"
1955,"P7E1","Q19",10.2422529751545,"Control","Historical",32.2517920370552,"POSE",0,"Control","Control"
1955,"P7E1","Q21",35.9620037388196,"Control","Historical",32.2517920370552,"POSE",2,"Control","Control"
1955,"P7E1","Q22",39.1889517334238,"Control","Historical",32.2517920370552,"POSE",0,"Control","Control"
1955,"P7E1","Q20",43.613959700823,"Control","Historical",32.2517920370552,"POSE",2,"Control","Control"
1956,"P1","Q14",6.47171359158057,"Control","Historical",3.58034613081287,"POSE",10,"Control","Control"
1956,"P1","Q13",1.39670165265105,"Control","Historical",3.58034613081287,"POSE",6,"Control","Control"
1956,"P1","Q11",3.66687806393009,"Control","Historical",3.58034613081287,"POSE",10,"Control","Control"
1956,"P1","Q12",2.78609121508979,"Control","Historical",3.58034613081287,"POSE",0,"Control","Control"
1956,"P1E1","Q8",32.4745509962737,"Control","Historical",40.4865754870128,"POSE",14,"Control","Control"
1956,"P1E1","Q9",3.23303114428334,"Control","Historical",40.4865754870128,"POSE",1,"Control","Control"
1956,"P1E1","Q10",34.3799165429966,"Control","Historical",40.4865754870128,"POSE",1,"Control","Control"
1956,"P1E1","Q7",91.8588032644977,"Control","Historical",40.4865754870128,"POSE",10,"Control","Control"
1956,"P2","Q15",240.227922118228,"Control","Historical",68.9008232615397,"POSE",3,"Control","Control"
1956,"P2","Q16",0.25,"Control","Historical",68.9008232615397,"POSE",16,"Control","Control"
1956,"P2","Q18",25.4540442314446,"Control","Historical",68.9008232615397,"POSE",10,"Control","Control"
1956,"P2","Q17",9.67132669648628,"Control","Historical",68.9008232615397,"POSE",7,"Control","Control"
2007,"E1","Q1",58.762963132329,"Control","Modern",120.953635339299,"POSE",9,"Modern","ControlModern"
2007,"E1","Q2",259.628159983666,"Control","Modern",120.953635339299,"POSE",8,"Modern","ControlModern"
2007,"E1","Q3",62.4954230052025,"Control","Modern",120.953635339299,"POSE",16,"Modern","ControlModern"
2007,"E1","Q6",135.364513965599,"Control","Modern",120.953635339299,"POSE",16,"Modern","ControlModern"
2007,"E1","Q4",191.09830758299,"Control","Modern",120.953635339299,"POSE",20,"Modern","ControlModern"
2007,"E1","Q5",18.37244436601,"Control","Modern",120.953635339299,"POSE",2,"Modern","ControlModern"
2007,"P10E1","Q23",170.31780584717,"Control","Modern",114.155435730142,"POSE",67,"Modern","ControlModern"
2007,"P10E1","Q26",90.721591720861,"Control","Modern",114.155435730142,"POSE",24,"Modern","ControlModern"
2007,"P10E1","Q24",81.4269096223935,"Control","Modern",114.155435730142,"POSE",3,"Modern","ControlModern"
2007,"P7E1","Q20",47.710932472046,"Control","Modern",122.16136310677,"POSE",53,"Modern","ControlModern"
2007,"P7E1","Q19",0.25,"Control","Modern",122.16136310677,"POSE",33,"Modern","ControlModern"
2007,"P7E1","Q22",356.222681290956,"Control","Modern",122.16136310677,"POSE",6,"Modern","ControlModern"
2007,"P7E1","Q21",84.4618386640795,"Control","Modern",122.16136310677,"POSE",2,"Modern","ControlModern"
2008,"E1","Q2",305.140809159378,"Control","Modern",123.948839469942,"POSE",2,"Modern","ControlModern"
2008,"E1","Q4",153.727426168457,"Control","Modern",123.948839469942,"POSE",34,"Modern","ControlModern"
2008,"E1","Q1",44.618080564604,"Control","Modern",123.948839469942,"POSE",0,"Modern","ControlModern"
2008,"E1","Q6",136.169298098724,"Control","Modern",123.948839469942,"POSE",3,"Modern","ControlModern"
2008,"E1","Q5",2.04078453603,"Control","Modern",123.948839469942,"POSE",1,"Modern","ControlModern"
2008,"E1","Q3",101.996638292458,"Control","Modern",123.948839469942,"POSE",15,"Modern","ControlModern"
2008,"P10E1","Q26",71.2012435241075,"Control","Modern",223.686162993637,"POSE",4,"Modern","ControlModern"
2008,"P10E1","Q24",75.095436326183,"Control","Modern",223.686162993637,"POSE",5,"Modern","ControlModern"
2008,"P10E1","Q23",524.76180913062,"Control","Modern",223.686162993637,"POSE",16,"Modern","ControlModern"
2008,"P7E1","Q19",14.5465845018195,"Control","Modern",82.1473155721004,"POSE",12,"Modern","ControlModern"
2008,"P7E1","Q21",107.551721589797,"Control","Modern",82.1473155721004,"POSE",4,"Modern","ControlModern"
2008,"P7E1","Q22",156.055562912006,"Control","Modern",82.1473155721004,"POSE",15,"Modern","ControlModern"
2008,"P7E1","Q20",50.435393284779,"Control","Modern",82.1473155721004,"POSE",41,"Modern","ControlModern"
2009,"E1","Q2",312.68699785246,"Control","Modern",118.375324404076,"POSE",6,"Modern","ControlModern"
2009,"E1","Q6",129.314388307809,"Control","Modern",118.375324404076,"POSE",6,"Modern","ControlModern"
2009,"E1","Q1",37.660875891224,"Control","Modern",118.375324404076,"POSE",8,"Modern","ControlModern"
2009,"E1","Q5",12.837149376315,"Control","Modern",118.375324404076,"POSE",0,"Modern","ControlModern"
2009,"E1","Q3",67.621667010948,"Control","Modern",118.375324404076,"POSE",14,"Modern","ControlModern"
2009,"E1","Q4",150.130867985699,"Control","Modern",118.375324404076,"POSE",14,"Modern","ControlModern"
2009,"P10E1","Q26",54.803627187163,"Control","Modern",326.852447620152,"POSE",5,"Modern","ControlModern"
2009,"P10E1","Q24",129.246511120557,"Control","Modern",326.852447620152,"POSE",5,"Modern","ControlModern"
2009,"P10E1","Q23",796.507204552736,"Control","Modern",326.852447620152,"POSE",2,"Modern","ControlModern"
2009,"P7E1","Q21",159.95069142301,"Control","Modern",120.509495057246,"POSE",5,"Modern","ControlModern"
2009,"P7E1","Q20",110.72686640477,"Control","Modern",120.509495057246,"POSE",11,"Modern","ControlModern"
2009,"P7E1","Q22",182.997912233606,"Control","Modern",120.509495057246,"POSE",15,"Modern","ControlModern"
2009,"P7E1","Q19",28.3625101676,"Control","Modern",120.509495057246,"POSE",9,"Modern","ControlModern"
2010,"E1","Q2",356.865192788975,"Control","Modern",201.802981218071,"POSE",7,"Modern","ControlModern"
2010,"E1","Q1",83.546149106801,"Control","Modern",201.802981218071,"POSE",3,"Modern","ControlModern"
2010,"E1","Q6",356.911527038991,"Control","Modern",201.802981218071,"POSE",3,"Modern","ControlModern"
2010,"E1","Q5",9.9319481402685,"Control","Modern",201.802981218071,"POSE",0,"Modern","ControlModern"
2010,"E1","Q3",92.2476737757175,"Control","Modern",201.802981218071,"POSE",7,"Modern","ControlModern"
2010,"E1","Q4",311.315396457671,"Control","Modern",201.802981218071,"POSE",5,"Modern","ControlModern"
2010,"P10E1","Q26",44.2804167960385,"Control","Modern",222.138314785935,"POSE",3,"Modern","ControlModern"
2010,"P10E1","Q24",126.41739531439,"Control","Modern",222.138314785935,"POSE",2,"Modern","ControlModern"
2010,"P10E1","Q23",495.717132247376,"Control","Modern",222.138314785935,"POSE",2,"Modern","ControlModern"
2010,"P7E1","Q21",89.0926940117705,"Control","Modern",132.217695419887,"POSE",4,"Modern","ControlModern"
2010,"P7E1","Q20",133.92517515516,"Control","Modern",132.217695419887,"POSE",5,"Modern","ControlModern"
2010,"P7E1","Q19",88.6206272687545,"Control","Modern",132.217695419887,"POSE",5,"Modern","ControlModern"
2010,"P7E1","Q22",217.232285243865,"Control","Modern",132.217695419887,"POSE",7,"Modern","ControlModern"
2011,"E1","Q5",10.831128880832,"Control","Modern",153.811531036051,"POSE",0,"Modern","ControlModern"
2011,"E1","Q1",118.353660280804,"Control","Modern",153.811531036051,"POSE",7,"Modern","ControlModern"
2011,"E1","Q32",75.327860353631,"Irrigation","Modern",153.811531036051,"POSE",0,"Modern","Irrigation"
2011,"E1","Q2",228.125153050993,"Control","Modern",153.811531036051,"POSE",7,"Modern","ControlModern"
2011,"E1","Q41",44.022332863119,"Drought","Modern",153.811531036051,"POSE",0,"Modern","Drought"
2011,"E1","Q46",6.52793134360251,"Drought","Modern",153.811531036051,"POSE",1,"Modern","Drought"
2011,"E1","Q44",160.457170703678,"Irrigation","Modern",153.811531036051,"POSE",1,"Modern","Irrigation"
2011,"E1","Q6",259.766379214791,"Control","Modern",153.811531036051,"POSE",2,"Modern","ControlModern"
2011,"E1","Q38",8.41149352863798,"Irrigation","Modern",153.811531036051,"POSE",0,"Modern","Irrigation"
2011,"E1","Q27",169.675653676289,"Irrigation","Modern",153.811531036051,"POSE",0,"Modern","Irrigation"
2011,"E1","Q3",79.5531456498205,"Control","Modern",153.811531036051,"POSE",13,"Modern","ControlModern"
2011,"E1","Q33",228.644011644928,"Irrigation","Modern",153.811531036051,"POSE",2,"Modern","Irrigation"
2011,"E1","Q39",291.034207132301,"Drought","Modern",153.811531036051,"POSE",15,"Modern","Drought"
2011,"E1","Q28",36.0364974226021,"Drought","Modern",153.811531036051,"POSE",3,"Modern","Drought"
2011,"E1","Q4",226.239719139068,"Control","Modern",153.811531036051,"POSE",4,"Modern","ControlModern"
2011,"E1","Q34",0.5,"Drought","Modern",153.811531036051,"POSE",0,"Modern","Drought"
2011,"E1","Q42",3.182294863847,"Irrigation","Modern",153.811531036051,"POSE",1,"Modern","Irrigation"
2011,"E1","Q40",32.926495450586,"Irrigation","Modern",153.811531036051,"POSE",1,"Modern","Irrigation"
2011,"E1","Q43",108.306613029206,"Drought","Modern",153.811531036051,"POSE",4,"Modern","Drought"
2011,"E1","Q31",0.0720105,"Drought","Modern",153.811531036051,"POSE",0,"Modern","Drought"
2011,"P10E1","Q24",111.726311265062,"Control","Modern",289.172798879616,"POSE",8,"Modern","ControlModern"
2011,"P10E1","Q23",667.354831840783,"Control","Modern",289.172798879616,"POSE",2,"Modern","ControlModern"
2011,"P10E1","Q26",88.4372535330045,"Control","Modern",289.172798879616,"POSE",29,"Modern","ControlModern"
2011,"P7E1","Q21",110.61381329204,"Control","Modern",178.984336128593,"POSE",5,"Modern","ControlModern"
2011,"P7E1","Q19",98.52937079569,"Control","Modern",178.984336128593,"POSE",3,"Modern","ControlModern"
2011,"P7E1","Q20",194.216393546245,"Control","Modern",178.984336128593,"POSE",1,"Modern","ControlModern"
2011,"P7E1","Q22",312.577766880397,"Control","Modern",178.984336128593,"POSE",2,"Modern","ControlModern"
2012,"E1","Q6",467.474539712703,"Control","Modern",258.354022557192,"POSE",0,"Modern","ControlModern"
2012,"E1","Q5",21.526055751421,"Control","Modern",258.354022557192,"POSE",1,"Modern","ControlModern"
2012,"E1","Q33",419.163699035964,"Irrigation","Modern",258.354022557192,"POSE",2,"Modern","Irrigation"
2012,"E1","Q32",72.319984543771,"Irrigation","Modern",258.354022557192,"POSE",0,"Modern","Irrigation"
2012,"E1","Q44",336.512158531842,"Irrigation","Modern",258.354022557192,"POSE",0,"Modern","Irrigation"
2012,"E1","Q45",0.75,"Irrigation","Modern",258.354022557192,"POSE",1,"Modern","Irrigation"
2012,"E1","Q27",190.907852465759,"Irrigation","Modern",258.354022557192,"POSE",1,"Modern","Irrigation"
2012,"E1","Q43",191.962523452046,"Drought","Modern",258.354022557192,"POSE",2,"Modern","Drought"
2012,"E1","Q31",3.723521718457,"Drought","Modern",258.354022557192,"POSE",1,"Modern","Drought"
2012,"E1","Q41",57.3389798745835,"Drought","Modern",258.354022557192,"POSE",0,"Modern","Drought"
2012,"E1","Q3",106.317697954284,"Control","Modern",258.354022557192,"POSE",3,"Modern","ControlModern"
2012,"E1","Q28",72.123316338481,"Drought","Modern",258.354022557192,"POSE",1,"Modern","Drought"
2012,"E1","Q4",397.711567489787,"Control","Modern",258.354022557192,"POSE",3,"Modern","ControlModern"
2012,"E1","Q42",1.99239764761,"Irrigation","Modern",258.354022557192,"POSE",0,"Modern","Irrigation"
2012,"E1","Q46",8.64478567037549,"Drought","Modern",258.354022557192,"POSE",0,"Modern","Drought"
2012,"E1","Q40",46.674341159352,"Irrigation","Modern",258.354022557192,"POSE",0,"Modern","Irrigation"
2012,"E1","Q1",127.675388667923,"Control","Modern",258.354022557192,"POSE",1,"Modern","ControlModern"
2012,"E1","Q38",10.2407004141775,"Irrigation","Modern",258.354022557192,"POSE",1,"Modern","Irrigation"
2012,"E1","Q39",361.122706772738,"Drought","Modern",258.354022557192,"POSE",4,"Modern","Drought"
2012,"E1","Q34",13.741432420394,"Drought","Modern",258.354022557192,"POSE",0,"Modern","Drought"
2012,"E1","Q2",429.418885767035,"Control","Modern",258.354022557192,"POSE",0,"Modern","ControlModern"
2012,"E1","Q37",3.0222311295055,"Drought","Modern",258.354022557192,"POSE",0,"Modern","Drought"
2012,"P10E1","Q26",130.821732382933,"Control","Modern",461.675782945458,"POSE",1,"Modern","ControlModern"
2012,"P10E1","Q24",153.778447802582,"Control","Modern",461.675782945458,"POSE",7,"Modern","ControlModern"
2012,"P10E1","Q23",1100.42716865086,"Control","Modern",461.675782945458,"POSE",4,"Modern","ControlModern"
2012,"P7E1","Q20",289.197269284428,"Control","Modern",266.767313449423,"POSE",4,"Modern","ControlModern"
2012,"P7E1","Q22",370.239304885403,"Control","Modern",266.767313449423,"POSE",0,"Modern","ControlModern"
2012,"P7E1","Q19",206.971211010654,"Control","Modern",266.767313449423,"POSE",2,"Modern","ControlModern"
2012,"P7E1","Q21",200.661468617206,"Control","Modern",266.767313449423,"POSE",4,"Modern","ControlModern"
2013,"E1","Q32",146.269494649826,"Irrigation","Modern",300.011410967161,"POSE",6,"Modern","Irrigation"
2013,"E1","Q31",5.759007399822,"Drought","Modern",300.011410967161,"POSE",0,"Modern","Drought"
2013,"E1","Q5",67.26705133295,"Control","Modern",300.011410967161,"POSE",1,"Modern","ControlModern"
2013,"E1","Q44",448.796304754483,"Irrigation","Modern",300.011410967161,"POSE",0,"Modern","Irrigation"
2013,"E1","Q3",120.947018718136,"Control","Modern",300.011410967161,"POSE",0,"Modern","ControlModern"
2013,"E1","Q2",470.108434373071,"Control","Modern",300.011410967161,"POSE",0,"Modern","ControlModern"
2013,"E1","Q6",527.829937202352,"Control","Modern",300.011410967161,"POSE",3,"Modern","ControlModern"
2013,"E1","Q41",42.536455122954,"Drought","Modern",300.011410967161,"POSE",0,"Modern","Drought"
2013,"E1","Q27",253.090167080969,"Irrigation","Modern",300.011410967161,"POSE",0,"Modern","Irrigation"
2013,"E1","Q33",527.270608630611,"Irrigation","Modern",300.011410967161,"POSE",1,"Modern","Irrigation"
2013,"E1","Q42",13.5545226083655,"Irrigation","Modern",300.011410967161,"POSE",0,"Modern","Irrigation"
2013,"E1","Q28",67.9309920644735,"Drought","Modern",300.011410967161,"POSE",0,"Modern","Drought"
2013,"E1","Q46",24.2476695913165,"Drought","Modern",300.011410967161,"POSE",0,"Modern","Drought"
2013,"E1","Q37",6.2871135643625,"Drought","Modern",300.011410967161,"POSE",2,"Modern","Drought"
2013,"E1","Q4",477.016231442146,"Control","Modern",300.011410967161,"POSE",0,"Modern","ControlModern"
2013,"E1","Q43",66.8965551782545,"Drought","Modern",300.011410967161,"POSE",2,"Modern","Drought"
2013,"E1","Q45",0.25,"Irrigation","Modern",300.011410967161,"POSE",0,"Modern","Irrigation"
2013,"E1","Q38",0.25,"Irrigation","Modern",300.011410967161,"POSE",0,"Modern","Irrigation"
2013,"E1","Q39",367.950035937722,"Drought","Modern",300.011410967161,"POSE",0,"Modern","Drought"
2013,"E1","Q1",136.89979273431,"Control","Modern",300.011410967161,"POSE",0,"Modern","ControlModern"
2013,"E1","Q40",85.369555715345,"Irrigation","Modern",300.011410967161,"POSE",1,"Modern","Irrigation"
2013,"P10E1","Q26",229.102529383021,"Control","Modern",512.368799067571,"POSE",0,"Modern","ControlModern"
2013,"P10E1","Q24",261.357863038362,"Control","Modern",512.368799067571,"POSE",0,"Modern","ControlModern"
2013,"P10E1","Q23",1046.64600478133,"Control","Modern",512.368799067571,"POSE",0,"Modern","ControlModern"
2013,"P7E1","Q19",191.93375986379,"Control","Modern",312.338880631553,"POSE",0,"Modern","ControlModern"
2013,"P7E1","Q21",228.028562904215,"Control","Modern",312.338880631553,"POSE",2,"Modern","ControlModern"
2013,"P7E1","Q22",417.065451678568,"Control","Modern",312.338880631553,"POSE",0,"Modern","ControlModern"
2013,"P7E1","Q20",412.327748079637,"Control","Modern",312.338880631553,"POSE",0,"Modern","ControlModern"
2014,"E1","Q33",392.874827604809,"Irrigation","Modern",157.578326041307,"POSE",1,"Modern","Irrigation"
2014,"E1","Q44",497.851590899019,"Irrigation","Modern",157.578326041307,"POSE",6,"Modern","Irrigation"
2014,"E1","Q28",41.376260774803,"Drought","Modern",157.578326041307,"POSE",1,"Modern","Drought"
2014,"E1","Q4",176.378885776973,"Control","Modern",157.578326041307,"POSE",0,"Modern","ControlModern"
2014,"E1","Q37",0.500000000000001,"Drought","Modern",157.578326041307,"POSE",0,"Modern","Drought"
2014,"E1","Q5",9.98920924006751,"Control","Modern",157.578326041307,"POSE",1,"Modern","ControlModern"
2014,"E1","Q2",260.597263245204,"Control","Modern",157.578326041307,"POSE",7,"Modern","ControlModern"
2014,"E1","Q3",86.618673457814,"Control","Modern",157.578326041307,"POSE",4,"Modern","ControlModern"
2014,"E1","Q32",290.802164308835,"Irrigation","Modern",157.578326041307,"POSE",6,"Modern","Irrigation"
2014,"E1","Q6",352.423586050591,"Control","Modern",157.578326041307,"POSE",3,"Modern","ControlModern"
2014,"E1","Q39",193.258361428512,"Drought","Modern",157.578326041307,"POSE",4,"Modern","Drought"
2014,"E1","Q27",125.60632418522,"Irrigation","Modern",157.578326041307,"POSE",4,"Modern","Irrigation"
2014,"E1","Q42",4.51986383803699,"Irrigation","Modern",157.578326041307,"POSE",1,"Modern","Irrigation"
2014,"E1","Q40",132.236477561009,"Irrigation","Modern",157.578326041307,"POSE",2,"Modern","Irrigation"
2014,"E1","Q1",59.4623384771915,"Control","Modern",157.578326041307,"POSE",6,"Modern","ControlModern"
2014,"E1","Q38",0.25,"Irrigation","Modern",157.578326041307,"POSE",2,"Modern","Irrigation"
2014,"E1","Q46",17.3589629642875,"Drought","Modern",157.578326041307,"POSE",0,"Modern","Drought"
2014,"E1","Q43",109.015160306074,"Drought","Modern",157.578326041307,"POSE",21,"Modern","Drought"
2014,"P10E1","Q26",199.058734644512,"Control","Modern",385.345028409986,"POSE",4,"Modern","ControlModern"
2014,"P10E1","Q24",393.177086784226,"Control","Modern",385.345028409986,"POSE",1,"Modern","ControlModern"
2014,"P10E1","Q23",563.79926380122,"Control","Modern",385.345028409986,"POSE",1,"Modern","ControlModern"
2014,"P7E1","Q22",373.16334028066,"Control","Modern",310.274639288307,"POSE",1,"Modern","ControlModern"
2014,"P7E1","Q21",118.282435650297,"Control","Modern",310.274639288307,"POSE",2,"Modern","ControlModern"
2014,"P7E1","Q20",464.239570328415,"Control","Modern",310.274639288307,"POSE",4,"Modern","ControlModern"
2014,"P7E1","Q19",285.413210893855,"Control","Modern",310.274639288307,"POSE",2,"Modern","ControlModern"
2015,"E1","Q33",371.560886573681,"Irrigation","Modern",138.348584765831,"POSE",9,"Modern","Irrigation"
2015,"E1","Q28",30.158426097589,"Drought","Modern",138.348584765831,"POSE",3,"Modern","Drought"
2015,"E1","Q4",140.228948630066,"Control","Modern",138.348584765831,"POSE",3,"Modern","ControlModern"
2015,"E1","Q32",174.48766971873,"Irrigation","Modern",138.348584765831,"POSE",3,"Modern","Irrigation"
2015,"E1","Q34",0.250000000000007,"Drought","Modern",138.348584765831,"POSE",1,"Modern","Drought"
2015,"E1","Q5",8.14897606197003,"Control","Modern",138.348584765831,"POSE",0,"Modern","ControlModern"
2015,"E1","Q41",0.25,"Drought","Modern",138.348584765831,"POSE",1,"Modern","Drought"
2015,"E1","Q44",267.080307699827,"Irrigation","Modern",138.348584765831,"POSE",1,"Modern","Irrigation"
2015,"E1","Q39",32.254016036319,"Drought","Modern",138.348584765831,"POSE",3,"Modern","Drought"
2015,"E1","Q31",7.5310042645085,"Drought","Modern",138.348584765831,"POSE",3,"Modern","Drought"
2015,"E1","Q6",431.962699684587,"Control","Modern",138.348584765831,"POSE",3,"Modern","ControlModern"
2015,"E1","Q2",113.305730342296,"Control","Modern",138.348584765831,"POSE",12,"Modern","ControlModern"
2015,"E1","Q45",0.75,"Irrigation","Modern",138.348584765831,"POSE",4,"Modern","Irrigation"
2015,"E1","Q40",109.940991437411,"Irrigation","Modern",138.348584765831,"POSE",0,"Modern","Irrigation"
2015,"E1","Q3",58.275161341437,"Control","Modern",138.348584765831,"POSE",6,"Modern","ControlModern"
2015,"E1","Q42",3.971361424286,"Irrigation","Modern",138.348584765831,"POSE",0,"Modern","Irrigation"
2015,"E1","Q43",61.739765224428,"Drought","Modern",138.348584765831,"POSE",3,"Modern","Drought"
2015,"E1","Q46",15.3065086344685,"Drought","Modern",138.348584765831,"POSE",4,"Modern","Drought"
2015,"E1","Q38",7.88151744435648,"Irrigation","Modern",138.348584765831,"POSE",0,"Modern","Irrigation"
2015,"E1","Q27",79.7340299572505,"Irrigation","Modern",138.348584765831,"POSE",6,"Modern","Irrigation"
2015,"E1","Q1",78.1699925346275,"Control","Modern",138.348584765831,"POSE",4,"Modern","ControlModern"
2015,"P10E1","Q26",296.690907573278,"Control","Modern",167.037843076038,"POSE",6,"Modern","ControlModern"
2015,"P10E1","Q24",180.858188341813,"Control","Modern",167.037843076038,"POSE",1,"Modern","ControlModern"
2015,"P10E1","Q23",23.5644333130215,"Control","Modern",167.037843076038,"POSE",6,"Modern","ControlModern"
2015,"P7E1","Q22",99.3614971254195,"Control","Modern",126.100871603051,"POSE",7,"Modern","ControlModern"
2015,"P7E1","Q21",85.4552428670445,"Control","Modern",126.100871603051,"POSE",8,"Modern","ControlModern"
2015,"P7E1","Q19",156.408575676258,"Control","Modern",126.100871603051,"POSE",3,"Modern","ControlModern"
2015,"P7E1","Q20",163.178170743483,"Control","Modern",126.100871603051,"POSE",3,"Modern","ControlModern"
