"year","Group","quad","cov.PSSP","Treatment","Period","Gcov.PSSP","species","Y","Treatment2","Treatment3"
1926,"P1E1","Q8",232.178691147728,"Control","Historical",232.178691147728,"PSSP",7,"Control","Control"
1926,"P7E1","Q19",654.81760125563,"Control","Historical",838.660454717665,"PSSP",2,"Control","Control"
1926,"P7E1","Q20",1022.5033081797,"Control","Historical",838.660454717665,"PSSP",2,"Control","Control"
1929,"P1E1","Q7",243.193995426115,"Control","Historical",244.275042436239,"PSSP",18,"Control","Control"
1929,"P1E1","Q8",245.356089446363,"Control","Historical",244.275042436239,"PSSP",2,"Control","Control"
1929,"P7E1","Q19",307.062276204244,"Control","Historical",369.079623485013,"PSSP",2,"Control","Control"
1929,"P7E1","Q20",431.096970765782,"Control","Historical",369.079623485013,"PSSP",0,"Control","Control"
1930,"P1","Q14",356.008364758969,"Control","Historical",392.376305841704,"PSSP",3,"Control","Control"
1930,"P1","Q11",133.550464754582,"Control","Historical",392.376305841704,"PSSP",13,"Control","Control"
1930,"P1","Q12",336.994364193152,"Control","Historical",392.376305841704,"PSSP",4,"Control","Control"
1930,"P1","Q13",742.952029660112,"Control","Historical",392.376305841704,"PSSP",3,"Control","Control"
1930,"P1E1","Q7",187.856197472537,"Control","Historical",157.722157614091,"PSSP",3,"Control","Control"
1930,"P1E1","Q8",265.382686865229,"Control","Historical",157.722157614091,"PSSP",0,"Control","Control"
1930,"P1E1","Q10",112.977316741522,"Control","Historical",157.722157614091,"PSSP",11,"Control","Control"
1930,"P1E1","Q9",64.6724293770752,"Control","Historical",157.722157614091,"PSSP",0,"Control","Control"
1930,"P2","Q15",54.8255,"Control","Historical",50.485804112642,"PSSP",9,"Control","Control"
1930,"P2","Q16",42.1626716429742,"Control","Historical",50.485804112642,"PSSP",0,"Control","Control"
1930,"P2","Q18",39.1750764043089,"Control","Historical",50.485804112642,"PSSP",5,"Control","Control"
1930,"P2","Q17",65.7799684032848,"Control","Historical",50.485804112642,"PSSP",1,"Control","Control"
1930,"P7E1","Q21",437.059598653335,"Control","Historical",368.71809937674,"PSSP",5,"Control","Control"
1930,"P7E1","Q19",364.309866212279,"Control","Historical",368.71809937674,"PSSP",1,"Control","Control"
1930,"P7E1","Q22",313.282614002134,"Control","Historical",368.71809937674,"PSSP",4,"Control","Control"
1930,"P7E1","Q20",360.220318639213,"Control","Historical",368.71809937674,"PSSP",1,"Control","Control"
1931,"P1","Q14",403.800845550542,"Control","Historical",475.127745810172,"PSSP",3,"Control","Control"
1931,"P1","Q11",232.199305938777,"Control","Historical",475.127745810172,"PSSP",0,"Control","Control"
1931,"P1","Q12",519.651492622805,"Control","Historical",475.127745810172,"PSSP",0,"Control","Control"
1931,"P1","Q13",744.859339128563,"Control","Historical",475.127745810172,"PSSP",0,"Control","Control"
1931,"P1E1","Q9",53.2293491231593,"Control","Historical",150.095080140628,"PSSP",0,"Control","Control"
1931,"P1E1","Q10",94.4186271435551,"Control","Historical",150.095080140628,"PSSP",3,"Control","Control"
1931,"P1E1","Q7",221.227095433957,"Control","Historical",150.095080140628,"PSSP",2,"Control","Control"
1931,"P1E1","Q8",231.505248861842,"Control","Historical",150.095080140628,"PSSP",0,"Control","Control"
1931,"P2","Q15",54.0528000000001,"Control","Historical",56.2675004192501,"PSSP",1,"Control","Control"
1931,"P2","Q17",77.1127580111571,"Control","Historical",56.2675004192501,"PSSP",1,"Control","Control"
1931,"P2","Q16",44.9047445175807,"Control","Historical",56.2675004192501,"PSSP",0,"Control","Control"
1931,"P2","Q18",48.9996991482624,"Control","Historical",56.2675004192501,"PSSP",1,"Control","Control"
1931,"P7E1","Q21",379.733361442057,"Control","Historical",362.91251076589,"PSSP",0,"Control","Control"
1931,"P7E1","Q19",416.386083864434,"Control","Historical",362.91251076589,"PSSP",0,"Control","Control"
1931,"P7E1","Q20",360.412994061991,"Control","Historical",362.91251076589,"PSSP",1,"Control","Control"
1931,"P7E1","Q22",295.117603695077,"Control","Historical",362.91251076589,"PSSP",1,"Control","Control"
1932,"E1","Q1",63.3122328946103,"Control","Historical",293.174612466007,"PSSP",12,"Control","Control"
1932,"E1","Q6",381.958408673376,"Control","Historical",293.174612466007,"PSSP",2,"Control","Control"
1932,"E1","Q3",434.143448664687,"Control","Historical",293.174612466007,"PSSP",1,"Control","Control"
1932,"E1","Q4",388.656337453941,"Control","Historical",293.174612466007,"PSSP",0,"Control","Control"
1932,"E1","Q2",126.555584761423,"Control","Historical",293.174612466007,"PSSP",4,"Control","Control"
1932,"E1","Q5",364.421662348006,"Control","Historical",293.174612466007,"PSSP",0,"Control","Control"
1932,"P1","Q11",286.568995734953,"Control","Historical",459.86165740897,"PSSP",22,"Control","Control"
1932,"P1","Q12",428.0344719022,"Control","Historical",459.86165740897,"PSSP",23,"Control","Control"
1932,"P1","Q14",345.299287188337,"Control","Historical",459.86165740897,"PSSP",10,"Control","Control"
1932,"P1","Q13",779.54387481039,"Control","Historical",459.86165740897,"PSSP",0,"Control","Control"
1932,"P10E1","Q25",40.8826035888232,"Control","Historical",254.293653913539,"PSSP",3,"Control","Control"
1932,"P10E1","Q26",301.319422831295,"Control","Historical",254.293653913539,"PSSP",13,"Control","Control"
1932,"P10E1","Q24",199.859455364588,"Control","Historical",254.293653913539,"PSSP",5,"Control","Control"
1932,"P10E1","Q23",475.113133869451,"Control","Historical",254.293653913539,"PSSP",1,"Control","Control"
1932,"P1E1","Q9",79.1062642229458,"Control","Historical",166.822068483032,"PSSP",6,"Control","Control"
1932,"P1E1","Q8",144.410899623731,"Control","Historical",166.822068483032,"PSSP",1,"Control","Control"
1932,"P1E1","Q10",166.511617715892,"Control","Historical",166.822068483032,"PSSP",2,"Control","Control"
1932,"P1E1","Q7",277.259492369559,"Control","Historical",166.822068483032,"PSSP",0,"Control","Control"
1932,"P7E1","Q19",345.550426094051,"Control","Historical",336.947226074391,"PSSP",2,"Control","Control"
1932,"P7E1","Q20",371.943255214591,"Control","Historical",336.947226074391,"PSSP",3,"Control","Control"
1932,"P7E1","Q22",215.615049386813,"Control","Historical",336.947226074391,"PSSP",6,"Control","Control"
1932,"P7E1","Q21",414.680173602109,"Control","Historical",336.947226074391,"PSSP",1,"Control","Control"
1933,"E1","Q4",451.638586371793,"Control","Historical",247.298694626443,"PSSP",2,"Control","Control"
1933,"E1","Q1",86.4783832974901,"Control","Historical",247.298694626443,"PSSP",5,"Control","Control"
1933,"E1","Q3",305.584566807001,"Control","Historical",247.298694626443,"PSSP",4,"Control","Control"
1933,"E1","Q2",93.568832757625,"Control","Historical",247.298694626443,"PSSP",7,"Control","Control"
1933,"E1","Q5",353.342909998276,"Control","Historical",247.298694626443,"PSSP",0,"Control","Control"
1933,"E1","Q6",193.178888526475,"Control","Historical",247.298694626443,"PSSP",0,"Control","Control"
1933,"P1","Q12",451.007851615484,"Control","Historical",494.303669660601,"PSSP",0,"Control","Control"
1933,"P1","Q11",280.975835289457,"Control","Historical",494.303669660601,"PSSP",3,"Control","Control"
1933,"P1","Q14",531.277780748274,"Control","Historical",494.303669660601,"PSSP",0,"Control","Control"
1933,"P1","Q13",713.953210989187,"Control","Historical",494.303669660601,"PSSP",0,"Control","Control"
1933,"P10E1","Q24",233.932605667657,"Control","Historical",341.078075977532,"PSSP",1,"Control","Control"
1933,"P10E1","Q26",621.639685117353,"Control","Historical",341.078075977532,"PSSP",2,"Control","Control"
1933,"P10E1","Q23",465.056548115573,"Control","Historical",341.078075977532,"PSSP",1,"Control","Control"
1933,"P10E1","Q25",43.683465009543,"Control","Historical",341.078075977532,"PSSP",5,"Control","Control"
1933,"P1E1","Q8",152.890427944902,"Control","Historical",155.824231900096,"PSSP",0,"Control","Control"
1933,"P1E1","Q9",99.85463500279,"Control","Historical",155.824231900096,"PSSP",3,"Control","Control"
1933,"P1E1","Q10",138.295618365205,"Control","Historical",155.824231900096,"PSSP",1,"Control","Control"
1933,"P1E1","Q7",232.256246287487,"Control","Historical",155.824231900096,"PSSP",1,"Control","Control"
1933,"P7E1","Q20",520.022698993158,"Control","Historical",409.598315600144,"PSSP",2,"Control","Control"
1933,"P7E1","Q22",267.961808639523,"Control","Historical",409.598315600144,"PSSP",3,"Control","Control"
1933,"P7E1","Q19",439.439162337149,"Control","Historical",409.598315600144,"PSSP",4,"Control","Control"
1933,"P7E1","Q21",410.969592430747,"Control","Historical",409.598315600144,"PSSP",0,"Control","Control"
1934,"E1","Q4",196.536438174881,"Control","Historical",140.027544720019,"PSSP",1,"Control","Control"
1934,"E1","Q3",161.86784665857,"Control","Historical",140.027544720019,"PSSP",0,"Control","Control"
1934,"E1","Q2",60.8783345643312,"Control","Historical",140.027544720019,"PSSP",1,"Control","Control"
1934,"E1","Q6",139.984849665765,"Control","Historical",140.027544720019,"PSSP",1,"Control","Control"
1934,"E1","Q5",246.136028304799,"Control","Historical",140.027544720019,"PSSP",2,"Control","Control"
1934,"E1","Q1",34.7617709517662,"Control","Historical",140.027544720019,"PSSP",3,"Control","Control"
1934,"P1","Q11",198.923520499136,"Control","Historical",303.641408880499,"PSSP",1,"Control","Control"
1934,"P1","Q14",223.688086272836,"Control","Historical",303.641408880499,"PSSP",1,"Control","Control"
1934,"P1","Q13",484.414384280735,"Control","Historical",303.641408880499,"PSSP",0,"Control","Control"
1934,"P1","Q12",307.53964446929,"Control","Historical",303.641408880499,"PSSP",1,"Control","Control"
1934,"P10E1","Q23",197.128521642563,"Control","Historical",120.985692151782,"PSSP",0,"Control","Control"
1934,"P10E1","Q26",116.929776041089,"Control","Historical",120.985692151782,"PSSP",3,"Control","Control"
1934,"P10E1","Q25",20.0376846766213,"Control","Historical",120.985692151782,"PSSP",2,"Control","Control"
1934,"P10E1","Q24",149.846786246854,"Control","Historical",120.985692151782,"PSSP",0,"Control","Control"
1934,"P1E1","Q9",62.393428538313,"Control","Historical",74.2644279622904,"PSSP",5,"Control","Control"
1934,"P1E1","Q10",38.6383140931414,"Control","Historical",74.2644279622904,"PSSP",1,"Control","Control"
1934,"P1E1","Q7",70.8449505401363,"Control","Historical",74.2644279622904,"PSSP",0,"Control","Control"
1934,"P1E1","Q8",125.181018677571,"Control","Historical",74.2644279622904,"PSSP",5,"Control","Control"
1934,"P2","Q15",29.2257499999999,"Control","Historical",41.5718740381394,"PSSP",1,"Control","Control"
1934,"P2","Q17",44.6328955371054,"Control","Historical",41.5718740381394,"PSSP",2,"Control","Control"
1934,"P2","Q18",67.2062295180059,"Control","Historical",41.5718740381394,"PSSP",0,"Control","Control"
1934,"P2","Q16",25.2226210974465,"Control","Historical",41.5718740381394,"PSSP",0,"Control","Control"
1934,"P7E1","Q22",192.165121327648,"Control","Historical",252.930119664319,"PSSP",1,"Control","Control"
1934,"P7E1","Q19",269.428242905223,"Control","Historical",252.930119664319,"PSSP",1,"Control","Control"
1934,"P7E1","Q20",239.787132160654,"Control","Historical",252.930119664319,"PSSP",0,"Control","Control"
1934,"P7E1","Q21",310.33998226375,"Control","Historical",252.930119664319,"PSSP",2,"Control","Control"
1935,"E1","Q3",175.966321586321,"Control","Historical",160.546675576648,"PSSP",64,"Control","Control"
1935,"E1","Q2",91.1459178416632,"Control","Historical",160.546675576648,"PSSP",118,"Control","Control"
1935,"E1","Q4",248.904077285449,"Control","Historical",160.546675576648,"PSSP",23,"Control","Control"
1935,"E1","Q1",69.2345198662673,"Control","Historical",160.546675576648,"PSSP",39,"Control","Control"
1935,"E1","Q5",253.53829915564,"Control","Historical",160.546675576648,"PSSP",34,"Control","Control"
1935,"E1","Q6",124.490917724548,"Control","Historical",160.546675576648,"PSSP",148,"Control","Control"
1935,"P1","Q12",288.737217017175,"Control","Historical",290.977812090575,"PSSP",23,"Control","Control"
1935,"P1","Q14",244.419283148876,"Control","Historical",290.977812090575,"PSSP",126,"Control","Control"
1935,"P1","Q11",190.423784967712,"Control","Historical",290.977812090575,"PSSP",69,"Control","Control"
1935,"P1","Q13",440.330963228536,"Control","Historical",290.977812090575,"PSSP",10,"Control","Control"
1935,"P10E1","Q26",175.145996089505,"Control","Historical",113.839387649786,"PSSP",2,"Control","Control"
1935,"P10E1","Q23",138.656502876736,"Control","Historical",113.839387649786,"PSSP",4,"Control","Control"
1935,"P10E1","Q25",38.0413175934199,"Control","Historical",113.839387649786,"PSSP",13,"Control","Control"
1935,"P10E1","Q24",103.513734039482,"Control","Historical",113.839387649786,"PSSP",0,"Control","Control"
1935,"P1E1","Q9",80.7777070423251,"Control","Historical",81.1622882069784,"PSSP",23,"Control","Control"
1935,"P1E1","Q7",64.557346364464,"Control","Historical",81.1622882069784,"PSSP",4,"Control","Control"
1935,"P1E1","Q10",78.1186360501845,"Control","Historical",81.1622882069784,"PSSP",35,"Control","Control"
1935,"P1E1","Q8",101.19546337094,"Control","Historical",81.1622882069784,"PSSP",41,"Control","Control"
1935,"P7E1","Q21",267.128949800091,"Control","Historical",226.743094333196,"PSSP",102,"Control","Control"
1935,"P7E1","Q22",207.449548379119,"Control","Historical",226.743094333196,"PSSP",27,"Control","Control"
1935,"P7E1","Q19",199.619693214946,"Control","Historical",226.743094333196,"PSSP",206,"Control","Control"
1935,"P7E1","Q20",232.77418593863,"Control","Historical",226.743094333196,"PSSP",33,"Control","Control"
1936,"E1","Q3",219.279370047377,"Control","Historical",188.901863573444,"PSSP",1,"Control","Control"
1936,"E1","Q4",283.196639371527,"Control","Historical",188.901863573444,"PSSP",1,"Control","Control"
1936,"E1","Q1",77.8987900894171,"Control","Historical",188.901863573444,"PSSP",2,"Control","Control"
1936,"E1","Q5",234.282332081741,"Control","Historical",188.901863573444,"PSSP",2,"Control","Control"
1936,"E1","Q2",124.593008746542,"Control","Historical",188.901863573444,"PSSP",4,"Control","Control"
1936,"E1","Q6",194.16104110406,"Control","Historical",188.901863573444,"PSSP",1,"Control","Control"
1936,"P1","Q12",230.235927888782,"Control","Historical",252.129309750055,"PSSP",3,"Control","Control"
1936,"P1","Q14",261.058781013591,"Control","Historical",252.129309750055,"PSSP",3,"Control","Control"
1936,"P1","Q11",166.911979261904,"Control","Historical",252.129309750055,"PSSP",2,"Control","Control"
1936,"P1","Q13",350.310550835944,"Control","Historical",252.129309750055,"PSSP",0,"Control","Control"
1936,"P10E1","Q24",128.310961715556,"Control","Historical",118.028120484482,"PSSP",1,"Control","Control"
1936,"P10E1","Q23",128.799375781668,"Control","Historical",118.028120484482,"PSSP",0,"Control","Control"
1936,"P10E1","Q25",35.3047386933022,"Control","Historical",118.028120484482,"PSSP",3,"Control","Control"
1936,"P10E1","Q26",179.697405747403,"Control","Historical",118.028120484482,"PSSP",2,"Control","Control"
1936,"P1E1","Q8",100.407647581688,"Control","Historical",104.620083251059,"PSSP",6,"Control","Control"
1936,"P1E1","Q7",99.9669987427478,"Control","Historical",104.620083251059,"PSSP",0,"Control","Control"
1936,"P1E1","Q9",112.765107080801,"Control","Historical",104.620083251059,"PSSP",1,"Control","Control"
1936,"P1E1","Q10",105.340579599001,"Control","Historical",104.620083251059,"PSSP",10,"Control","Control"
1936,"P7E1","Q22",206.180326929643,"Control","Historical",246.1720361563,"PSSP",0,"Control","Control"
1936,"P7E1","Q19",288.420468327375,"Control","Historical",246.1720361563,"PSSP",2,"Control","Control"
1936,"P7E1","Q20",198.474979785293,"Control","Historical",246.1720361563,"PSSP",4,"Control","Control"
1936,"P7E1","Q21",291.61236958289,"Control","Historical",246.1720361563,"PSSP",1,"Control","Control"
1937,"E1","Q4",192.141581675144,"Control","Historical",168.896741980672,"PSSP",3,"Control","Control"
1937,"E1","Q6",233.515055412605,"Control","Historical",168.896741980672,"PSSP",4,"Control","Control"
1937,"E1","Q5",249.500987336628,"Control","Historical",168.896741980672,"PSSP",2,"Control","Control"
1937,"E1","Q3",197.922757336349,"Control","Historical",168.896741980672,"PSSP",4,"Control","Control"
1937,"E1","Q1",54.3135964582639,"Control","Historical",168.896741980672,"PSSP",2,"Control","Control"
1937,"E1","Q2",85.9864736650399,"Control","Historical",168.896741980672,"PSSP",1,"Control","Control"
1937,"P1","Q13",319.947074468938,"Control","Historical",256.539049525178,"PSSP",4,"Control","Control"
1937,"P1","Q14",286.240816098376,"Control","Historical",256.539049525178,"PSSP",10,"Control","Control"
1937,"P1","Q12",266.628632247811,"Control","Historical",256.539049525178,"PSSP",8,"Control","Control"
1937,"P1","Q11",153.339675285587,"Control","Historical",256.539049525178,"PSSP",1,"Control","Control"
1937,"P10E1","Q25",38.2387522997379,"Control","Historical",162.905145532173,"PSSP",1,"Control","Control"
1937,"P10E1","Q23",214.775587859677,"Control","Historical",162.905145532173,"PSSP",0,"Control","Control"
1937,"P10E1","Q26",265.099370402517,"Control","Historical",162.905145532173,"PSSP",4,"Control","Control"
1937,"P10E1","Q24",133.506871566759,"Control","Historical",162.905145532173,"PSSP",0,"Control","Control"
1937,"P1E1","Q7",170.714483404197,"Control","Historical",129.511965128159,"PSSP",24,"Control","Control"
1937,"P1E1","Q10",137.263046706769,"Control","Historical",129.511965128159,"PSSP",5,"Control","Control"
1937,"P1E1","Q8",83.415197033062,"Control","Historical",129.511965128159,"PSSP",10,"Control","Control"
1937,"P1E1","Q9",126.655133368609,"Control","Historical",129.511965128159,"PSSP",0,"Control","Control"
1937,"P7E1","Q20",146.865738203373,"Control","Historical",187.670710260177,"PSSP",3,"Control","Control"
1937,"P7E1","Q19",158.141327377572,"Control","Historical",187.670710260177,"PSSP",2,"Control","Control"
1937,"P7E1","Q21",286.070413035246,"Control","Historical",187.670710260177,"PSSP",1,"Control","Control"
1937,"P7E1","Q22",159.605362424518,"Control","Historical",187.670710260177,"PSSP",3,"Control","Control"
1938,"E1","Q3",245.311190714538,"Control","Historical",181.204463923188,"PSSP",3,"Control","Control"
1938,"E1","Q4",281.349580754902,"Control","Historical",181.204463923188,"PSSP",0,"Control","Control"
1938,"E1","Q2",118.248665706269,"Control","Historical",181.204463923188,"PSSP",2,"Control","Control"
1938,"E1","Q5",214.97716807764,"Control","Historical",181.204463923188,"PSSP",1,"Control","Control"
1938,"E1","Q1",59.4113732229912,"Control","Historical",181.204463923188,"PSSP",0,"Control","Control"
1938,"E1","Q6",167.928805062786,"Control","Historical",181.204463923188,"PSSP",0,"Control","Control"
1938,"P1","Q11",128.198809282681,"Control","Historical",312.821943391081,"PSSP",1,"Control","Control"
1938,"P1","Q12",333.95650924474,"Control","Historical",312.821943391081,"PSSP",1,"Control","Control"
1938,"P1","Q14",357.521429107957,"Control","Historical",312.821943391081,"PSSP",0,"Control","Control"
1938,"P1","Q13",431.611025928946,"Control","Historical",312.821943391081,"PSSP",0,"Control","Control"
1938,"P10E1","Q25",48.7676514162802,"Control","Historical",191.589373793235,"PSSP",0,"Control","Control"
1938,"P10E1","Q23",233.5414214114,"Control","Historical",191.589373793235,"PSSP",0,"Control","Control"
1938,"P10E1","Q24",147.271987780341,"Control","Historical",191.589373793235,"PSSP",2,"Control","Control"
1938,"P10E1","Q26",336.776434564918,"Control","Historical",191.589373793235,"PSSP",7,"Control","Control"
1938,"P1E1","Q10",96.9672926920704,"Control","Historical",131.2934401028,"PSSP",1,"Control","Control"
1938,"P1E1","Q9",126.575036213224,"Control","Historical",131.2934401028,"PSSP",0,"Control","Control"
1938,"P1E1","Q7",237.032116047979,"Control","Historical",131.2934401028,"PSSP",1,"Control","Control"
1938,"P1E1","Q8",64.599315457928,"Control","Historical",131.2934401028,"PSSP",1,"Control","Control"
1938,"P7E1","Q20",137.378998093605,"Control","Historical",205.959547222088,"PSSP",2,"Control","Control"
1938,"P7E1","Q19",233.29610355575,"Control","Historical",205.959547222088,"PSSP",0,"Control","Control"
1938,"P7E1","Q22",164.093706012727,"Control","Historical",205.959547222088,"PSSP",1,"Control","Control"
1938,"P7E1","Q21",289.069381226269,"Control","Historical",205.959547222088,"PSSP",0,"Control","Control"
1939,"E1","Q4",304.395561102621,"Control","Historical",207.284833837388,"PSSP",0,"Control","Control"
1939,"E1","Q5",220.951997845087,"Control","Historical",207.284833837388,"PSSP",0,"Control","Control"
1939,"E1","Q3",302.410798033082,"Control","Historical",207.284833837388,"PSSP",2,"Control","Control"
1939,"E1","Q6",235.8450999405,"Control","Historical",207.284833837388,"PSSP",0,"Control","Control"
1939,"E1","Q2",125.127349945672,"Control","Historical",207.284833837388,"PSSP",2,"Control","Control"
1939,"E1","Q1",54.9781961573653,"Control","Historical",207.284833837388,"PSSP",0,"Control","Control"
1939,"P1","Q12",324.868182160723,"Control","Historical",350.938486826606,"PSSP",1,"Control","Control"
1939,"P1","Q13",489.270531301116,"Control","Historical",350.938486826606,"PSSP",0,"Control","Control"
1939,"P1","Q14",421.593513661443,"Control","Historical",350.938486826606,"PSSP",4,"Control","Control"
1939,"P1","Q11",168.021720183141,"Control","Historical",350.938486826606,"PSSP",1,"Control","Control"
1939,"P10E1","Q23",246.818323668172,"Control","Historical",225.555734492795,"PSSP",0,"Control","Control"
1939,"P10E1","Q24",167.920334560913,"Control","Historical",225.555734492795,"PSSP",0,"Control","Control"
1939,"P10E1","Q25",114.740570541825,"Control","Historical",225.555734492795,"PSSP",4,"Control","Control"
1939,"P10E1","Q26",372.743709200271,"Control","Historical",225.555734492795,"PSSP",1,"Control","Control"
1939,"P1E1","Q9",185.71135050899,"Control","Historical",167.302115165713,"PSSP",0,"Control","Control"
1939,"P1E1","Q10",140.13099441619,"Control","Historical",167.302115165713,"PSSP",0,"Control","Control"
1939,"P1E1","Q7",251.794221655566,"Control","Historical",167.302115165713,"PSSP",5,"Control","Control"
1939,"P1E1","Q8",91.5718940821066,"Control","Historical",167.302115165713,"PSSP",1,"Control","Control"
1939,"P7E1","Q19",228.865012062904,"Control","Historical",201.54863629007,"PSSP",2,"Control","Control"
1939,"P7E1","Q22",162.52326822774,"Control","Historical",201.54863629007,"PSSP",2,"Control","Control"
1939,"P7E1","Q20",181.918151552763,"Control","Historical",201.54863629007,"PSSP",1,"Control","Control"
1939,"P7E1","Q21",232.888113316872,"Control","Historical",201.54863629007,"PSSP",0,"Control","Control"
1940,"E1","Q4",278.976979067591,"Control","Historical",187.360938948443,"PSSP",18,"Control","Control"
1940,"E1","Q5",196.348025755919,"Control","Historical",187.360938948443,"PSSP",7,"Control","Control"
1940,"E1","Q6",206.939017928123,"Control","Historical",187.360938948443,"PSSP",69,"Control","Control"
1940,"E1","Q3",276.590345682424,"Control","Historical",187.360938948443,"PSSP",2,"Control","Control"
1940,"E1","Q2",102.44795991274,"Control","Historical",187.360938948443,"PSSP",18,"Control","Control"
1940,"E1","Q1",62.8633053438587,"Control","Historical",187.360938948443,"PSSP",20,"Control","Control"
1940,"P1","Q12",314.139178769165,"Control","Historical",263.966783472076,"PSSP",26,"Control","Control"
1940,"P1","Q11",71.8237584780097,"Control","Historical",263.966783472076,"PSSP",1,"Control","Control"
1940,"P1","Q13",411.860057036234,"Control","Historical",263.966783472076,"PSSP",14,"Control","Control"
1940,"P1","Q14",258.044139604897,"Control","Historical",263.966783472076,"PSSP",4,"Control","Control"
1940,"P10E1","Q23",311.407411293079,"Control","Historical",251.27960302959,"PSSP",3,"Control","Control"
1940,"P10E1","Q24",179.064064930345,"Control","Historical",251.27960302959,"PSSP",8,"Control","Control"
1940,"P10E1","Q25",88.8431110232609,"Control","Historical",251.27960302959,"PSSP",6,"Control","Control"
1940,"P10E1","Q26",425.803824871676,"Control","Historical",251.27960302959,"PSSP",4,"Control","Control"
1940,"P1E1","Q9",191.894134949947,"Control","Historical",127.092538239767,"PSSP",6,"Control","Control"
1940,"P1E1","Q8",65.42774995468,"Control","Historical",127.092538239767,"PSSP",19,"Control","Control"
1940,"P1E1","Q10",78.906883192126,"Control","Historical",127.092538239767,"PSSP",4,"Control","Control"
1940,"P1E1","Q7",172.141384862316,"Control","Historical",127.092538239767,"PSSP",22,"Control","Control"
1940,"P7E1","Q21",198.845350882146,"Control","Historical",187.544140365838,"PSSP",4,"Control","Control"
1940,"P7E1","Q19",229.793892674763,"Control","Historical",187.544140365838,"PSSP",7,"Control","Control"
1940,"P7E1","Q22",137.604214765406,"Control","Historical",187.544140365838,"PSSP",20,"Control","Control"
1940,"P7E1","Q20",183.933103141036,"Control","Historical",187.544140365838,"PSSP",23,"Control","Control"
1941,"E1","Q4",154.459728327721,"Control","Historical",114.060583882811,"PSSP",13,"Control","Control"
1941,"E1","Q5",107.690566325991,"Control","Historical",114.060583882811,"PSSP",4,"Control","Control"
1941,"E1","Q3",162.597854104293,"Control","Historical",114.060583882811,"PSSP",6,"Control","Control"
1941,"E1","Q6",135.172918691275,"Control","Historical",114.060583882811,"PSSP",8,"Control","Control"
1941,"E1","Q2",71.4344212403375,"Control","Historical",114.060583882811,"PSSP",3,"Control","Control"
1941,"E1","Q1",53.0080146072458,"Control","Historical",114.060583882811,"PSSP",2,"Control","Control"
1941,"P1","Q14",188.44614002946,"Control","Historical",191.220893324741,"PSSP",118,"Control","Control"
1941,"P1","Q11",21.8976140014312,"Control","Historical",191.220893324741,"PSSP",6,"Control","Control"
1941,"P1","Q13",363.318925943331,"Control","Historical",191.220893324741,"PSSP",24,"Control","Control"
1941,"P10E1","Q24",129.089608649475,"Control","Historical",193.369757843446,"PSSP",6,"Control","Control"
1941,"P10E1","Q25",105.736104318593,"Control","Historical",193.369757843446,"PSSP",37,"Control","Control"
1941,"P10E1","Q26",346.785822577457,"Control","Historical",193.369757843446,"PSSP",22,"Control","Control"
1941,"P10E1","Q23",191.867495828258,"Control","Historical",193.369757843446,"PSSP",7,"Control","Control"
1941,"P1E1","Q9",103.570852631996,"Control","Historical",88.154309306024,"PSSP",16,"Control","Control"
1941,"P1E1","Q10",55.8530783568737,"Control","Historical",88.154309306024,"PSSP",20,"Control","Control"
1941,"P1E1","Q8",69.7179996217843,"Control","Historical",88.154309306024,"PSSP",23,"Control","Control"
1941,"P1E1","Q7",123.475306613442,"Control","Historical",88.154309306024,"PSSP",47,"Control","Control"
1941,"P7E1","Q21",108.529740570978,"Control","Historical",141.895152603168,"PSSP",16,"Control","Control"
1941,"P7E1","Q19",161.711347817769,"Control","Historical",141.895152603168,"PSSP",8,"Control","Control"
1941,"P7E1","Q22",126.653832547728,"Control","Historical",141.895152603168,"PSSP",17,"Control","Control"
1941,"P7E1","Q20",170.685689476197,"Control","Historical",141.895152603168,"PSSP",7,"Control","Control"
1945,"E1","Q4",42.0755553886617,"Control","Historical",75.0501268747605,"PSSP",1,"Control","Control"
1945,"E1","Q5",36.5176969471662,"Control","Historical",75.0501268747605,"PSSP",1,"Control","Control"
1945,"E1","Q3",167.259648862578,"Control","Historical",75.0501268747605,"PSSP",5,"Control","Control"
1945,"E1","Q6",145.131214345072,"Control","Historical",75.0501268747605,"PSSP",5,"Control","Control"
1945,"E1","Q2",24.0716929792538,"Control","Historical",75.0501268747605,"PSSP",0,"Control","Control"
1945,"E1","Q1",35.2449527258314,"Control","Historical",75.0501268747605,"PSSP",1,"Control","Control"
1945,"P1","Q12",264.126305958227,"Control","Historical",230.73456000148,"PSSP",2,"Control","Control"
1945,"P1","Q13",392.031979283971,"Control","Historical",230.73456000148,"PSSP",6,"Control","Control"
1945,"P1","Q11",13.8302672296531,"Control","Historical",230.73456000148,"PSSP",0,"Control","Control"
1945,"P1","Q14",252.949687534067,"Control","Historical",230.73456000148,"PSSP",1,"Control","Control"
1945,"P10E1","Q24",55.5566760451909,"Control","Historical",69.4064488348702,"PSSP",3,"Control","Control"
1945,"P10E1","Q23",94.4629266848212,"Control","Historical",69.4064488348702,"PSSP",3,"Control","Control"
1945,"P10E1","Q25",64.7278026818463,"Control","Historical",69.4064488348702,"PSSP",2,"Control","Control"
1945,"P10E1","Q26",62.8783899276223,"Control","Historical",69.4064488348702,"PSSP",11,"Control","Control"
1945,"P1E1","Q9",177.337314421816,"Control","Historical",93.9680669197426,"PSSP",0,"Control","Control"
1945,"P1E1","Q10",37.5971424780139,"Control","Historical",93.9680669197426,"PSSP",2,"Control","Control"
1945,"P1E1","Q7",71.9516673474091,"Control","Historical",93.9680669197426,"PSSP",4,"Control","Control"
1945,"P1E1","Q8",88.9861434317315,"Control","Historical",93.9680669197426,"PSSP",5,"Control","Control"
1945,"P7E1","Q22",77.03731699218,"Control","Historical",99.4058109266624,"PSSP",2,"Control","Control"
1945,"P7E1","Q21",135.361003949176,"Control","Historical",99.4058109266624,"PSSP",3,"Control","Control"
1945,"P7E1","Q19",91.0006575067187,"Control","Historical",99.4058109266624,"PSSP",4,"Control","Control"
1945,"P7E1","Q20",94.224265258575,"Control","Historical",99.4058109266624,"PSSP",1,"Control","Control"
1946,"E1","Q3",70.8062554146911,"Control","Historical",61.2976481280025,"PSSP",1,"Control","Control"
1946,"E1","Q4",77.9958938679209,"Control","Historical",61.2976481280025,"PSSP",0,"Control","Control"
1946,"E1","Q5",60.1844601861029,"Control","Historical",61.2976481280025,"PSSP",0,"Control","Control"
1946,"E1","Q6",92.2318382259373,"Control","Historical",61.2976481280025,"PSSP",0,"Control","Control"
1946,"E1","Q2",35.3349886805997,"Control","Historical",61.2976481280025,"PSSP",0,"Control","Control"
1946,"E1","Q1",31.2324523927629,"Control","Historical",61.2976481280025,"PSSP",0,"Control","Control"
1946,"P1","Q12",390.740070562803,"Control","Historical",286.119506522702,"PSSP",0,"Control","Control"
1946,"P1","Q13",430.611344640619,"Control","Historical",286.119506522702,"PSSP",0,"Control","Control"
1946,"P1","Q11",20.3135906980736,"Control","Historical",286.119506522702,"PSSP",0,"Control","Control"
1946,"P1","Q14",302.813020189311,"Control","Historical",286.119506522702,"PSSP",1,"Control","Control"
1946,"P10E1","Q25",62.4613586810233,"Control","Historical",105.832687687723,"PSSP",2,"Control","Control"
1946,"P10E1","Q23",143.313815647877,"Control","Historical",105.832687687723,"PSSP",1,"Control","Control"
1946,"P10E1","Q26",129.487112165243,"Control","Historical",105.832687687723,"PSSP",0,"Control","Control"
1946,"P10E1","Q24",88.0684642567502,"Control","Historical",105.832687687723,"PSSP",0,"Control","Control"
1946,"P1E1","Q8",106.210244085813,"Control","Historical",109.464631378167,"PSSP",0,"Control","Control"
1946,"P1E1","Q9",134.647629029531,"Control","Historical",109.464631378167,"PSSP",0,"Control","Control"
1946,"P1E1","Q10",37.2606479056205,"Control","Historical",109.464631378167,"PSSP",1,"Control","Control"
1946,"P1E1","Q7",159.740004491702,"Control","Historical",109.464631378167,"PSSP",0,"Control","Control"
1946,"P7E1","Q21",205.290854877693,"Control","Historical",157.048029209639,"PSSP",0,"Control","Control"
1946,"P7E1","Q19",113.521770663211,"Control","Historical",157.048029209639,"PSSP",0,"Control","Control"
1946,"P7E1","Q20",224.425377449761,"Control","Historical",157.048029209639,"PSSP",0,"Control","Control"
1946,"P7E1","Q22",84.9541138478894,"Control","Historical",157.048029209639,"PSSP",1,"Control","Control"
1949,"E1","Q4",91.9764299244771,"Control","Historical",83.8044713757881,"PSSP",1,"Control","Control"
1949,"E1","Q3",152.963516308153,"Control","Historical",83.8044713757881,"PSSP",1,"Control","Control"
1949,"E1","Q5",78.6611272675458,"Control","Historical",83.8044713757881,"PSSP",2,"Control","Control"
1949,"E1","Q2",55.502922055706,"Control","Historical",83.8044713757881,"PSSP",1,"Control","Control"
1949,"E1","Q6",86.3822956899644,"Control","Historical",83.8044713757881,"PSSP",1,"Control","Control"
1949,"E1","Q1",37.3405370088822,"Control","Historical",83.8044713757881,"PSSP",8,"Control","Control"
1949,"P1","Q12",345.136312866013,"Control","Historical",187.379415218465,"PSSP",0,"Control","Control"
1949,"P1","Q13",233.56538531133,"Control","Historical",187.379415218465,"PSSP",14,"Control","Control"
1949,"P1","Q11",36.247267178334,"Control","Historical",187.379415218465,"PSSP",1,"Control","Control"
1949,"P1","Q14",134.568695518184,"Control","Historical",187.379415218465,"PSSP",0,"Control","Control"
1949,"P10E1","Q23",82.2672656549113,"Control","Historical",82.3247434484673,"PSSP",0,"Control","Control"
1949,"P10E1","Q24",85.2434836233114,"Control","Historical",82.3247434484673,"PSSP",5,"Control","Control"
1949,"P10E1","Q26",106.626484265267,"Control","Historical",82.3247434484673,"PSSP",8,"Control","Control"
1949,"P10E1","Q25",55.1617402503796,"Control","Historical",82.3247434484673,"PSSP",1,"Control","Control"
1949,"P1E1","Q8",108.15549413774,"Control","Historical",190.371296256564,"PSSP",4,"Control","Control"
1949,"P1E1","Q9",214.689770770516,"Control","Historical",190.371296256564,"PSSP",2,"Control","Control"
1949,"P1E1","Q7",378.902038877001,"Control","Historical",190.371296256564,"PSSP",3,"Control","Control"
1949,"P1E1","Q10",59.737881240998,"Control","Historical",190.371296256564,"PSSP",0,"Control","Control"
1949,"P7E1","Q20",259.948422568387,"Control","Historical",188.293771930671,"PSSP",1,"Control","Control"
1949,"P7E1","Q21",294.177974867056,"Control","Historical",188.293771930671,"PSSP",3,"Control","Control"
1949,"P7E1","Q22",84.3636213880896,"Control","Historical",188.293771930671,"PSSP",7,"Control","Control"
1949,"P7E1","Q19",114.685068899152,"Control","Historical",188.293771930671,"PSSP",2,"Control","Control"
1950,"E1","Q3",121.144361416279,"Control","Historical",82.9630546466066,"PSSP",0,"Control","Control"
1950,"E1","Q2",49.3604176664321,"Control","Historical",82.9630546466066,"PSSP",0,"Control","Control"
1950,"E1","Q4",83.7151223414209,"Control","Historical",82.9630546466066,"PSSP",3,"Control","Control"
1950,"E1","Q5",91.1977436981651,"Control","Historical",82.9630546466066,"PSSP",1,"Control","Control"
1950,"E1","Q1",53.2530990034277,"Control","Historical",82.9630546466066,"PSSP",1,"Control","Control"
1950,"E1","Q6",99.107583753915,"Control","Historical",82.9630546466066,"PSSP",0,"Control","Control"
1950,"P1","Q12",305.956544745159,"Control","Historical",305.956544745159,"PSSP",0,"Control","Control"
1950,"P10E1","Q23",119.935572786748,"Control","Historical",101.251288798313,"PSSP",2,"Control","Control"
1950,"P10E1","Q25",90.6564880592694,"Control","Historical",101.251288798313,"PSSP",12,"Control","Control"
1950,"P10E1","Q24",81.361798879223,"Control","Historical",101.251288798313,"PSSP",1,"Control","Control"
1950,"P10E1","Q26",113.051295468011,"Control","Historical",101.251288798313,"PSSP",1,"Control","Control"
1950,"P1E1","Q9",209.191044602646,"Control","Historical",185.89937689322,"PSSP",0,"Control","Control"
1950,"P1E1","Q7",360.968892976157,"Control","Historical",185.89937689322,"PSSP",4,"Control","Control"
1950,"P1E1","Q8",105.66583772865,"Control","Historical",185.89937689322,"PSSP",1,"Control","Control"
1950,"P1E1","Q10",67.7717322654283,"Control","Historical",185.89937689322,"PSSP",0,"Control","Control"
1950,"P7E1","Q20",409.147304022996,"Control","Historical",229.811249533156,"PSSP",0,"Control","Control"
1950,"P7E1","Q19",159.860679208248,"Control","Historical",229.811249533156,"PSSP",0,"Control","Control"
1950,"P7E1","Q22",108.318449443555,"Control","Historical",229.811249533156,"PSSP",1,"Control","Control"
1950,"P7E1","Q21",241.918565457825,"Control","Historical",229.811249533156,"PSSP",0,"Control","Control"
1951,"E1","Q3",157.34110021034,"Control","Historical",124.689240281158,"PSSP",9,"Control","Control"
1951,"E1","Q4",180.783646889533,"Control","Historical",124.689240281158,"PSSP",3,"Control","Control"
1951,"E1","Q1",35.1231634096164,"Control","Historical",124.689240281158,"PSSP",1,"Control","Control"
1951,"E1","Q5",194.841728746884,"Control","Historical",124.689240281158,"PSSP",6,"Control","Control"
1951,"E1","Q2",64.564406597275,"Control","Historical",124.689240281158,"PSSP",1,"Control","Control"
1951,"E1","Q6",115.481395833302,"Control","Historical",124.689240281158,"PSSP",2,"Control","Control"
1951,"P1","Q12",380.527799219645,"Control","Historical",380.527799219645,"PSSP",4,"Control","Control"
1951,"P10E1","Q23",136.038356087976,"Control","Historical",126.32831606343,"PSSP",2,"Control","Control"
1951,"P10E1","Q24",88.5910328189322,"Control","Historical",126.32831606343,"PSSP",1,"Control","Control"
1951,"P10E1","Q26",140.54151705651,"Control","Historical",126.32831606343,"PSSP",9,"Control","Control"
1951,"P10E1","Q25",140.142358290302,"Control","Historical",126.32831606343,"PSSP",1,"Control","Control"
1951,"P1E1","Q10",68.4757472303707,"Control","Historical",197.306075749497,"PSSP",3,"Control","Control"
1951,"P1E1","Q7",384.183238434507,"Control","Historical",197.306075749497,"PSSP",2,"Control","Control"
1951,"P1E1","Q9",205.019730044757,"Control","Historical",197.306075749497,"PSSP",0,"Control","Control"
1951,"P1E1","Q8",131.545587288353,"Control","Historical",197.306075749497,"PSSP",2,"Control","Control"
1951,"P7E1","Q22",105.943150521298,"Control","Historical",190.462902858183,"PSSP",0,"Control","Control"
1951,"P7E1","Q19",118.104215594878,"Control","Historical",190.462902858183,"PSSP",1,"Control","Control"
1951,"P7E1","Q20",262.327165947454,"Control","Historical",190.462902858183,"PSSP",3,"Control","Control"
1951,"P7E1","Q21",275.477079369102,"Control","Historical",190.462902858183,"PSSP",0,"Control","Control"
1954,"E1","Q3",200.019584343948,"Control","Historical",167.180912519623,"PSSP",3,"Control","Control"
1954,"E1","Q4",233.104461111612,"Control","Historical",167.180912519623,"PSSP",7,"Control","Control"
1954,"E1","Q6",107.977674085541,"Control","Historical",167.180912519623,"PSSP",0,"Control","Control"
1954,"E1","Q5",252.205670984582,"Control","Historical",167.180912519623,"PSSP",2,"Control","Control"
1954,"E1","Q1",103.988553603068,"Control","Historical",167.180912519623,"PSSP",1,"Control","Control"
1954,"E1","Q2",105.789530988985,"Control","Historical",167.180912519623,"PSSP",1,"Control","Control"
1954,"P1","Q12",337.180682587146,"Control","Historical",337.180682587146,"PSSP",0,"Control","Control"
1954,"P10E1","Q25",222.999832381023,"Control","Historical",185.291388025217,"PSSP",4,"Control","Control"
1954,"P10E1","Q24",133.270149351826,"Control","Historical",185.291388025217,"PSSP",2,"Control","Control"
1954,"P10E1","Q23",160.431910831014,"Control","Historical",185.291388025217,"PSSP",3,"Control","Control"
1954,"P10E1","Q26",224.463659537005,"Control","Historical",185.291388025217,"PSSP",1,"Control","Control"
1954,"P1E1","Q8",188.159819534262,"Control","Historical",277.866817411713,"PSSP",2,"Control","Control"
1954,"P1E1","Q9",192.774217032231,"Control","Historical",277.866817411713,"PSSP",0,"Control","Control"
1954,"P1E1","Q10",97.4644995958376,"Control","Historical",277.866817411713,"PSSP",1,"Control","Control"
1954,"P1E1","Q7",633.068733484521,"Control","Historical",277.866817411713,"PSSP",0,"Control","Control"
1954,"P7E1","Q20",347.884165461639,"Control","Historical",226.850941846526,"PSSP",1,"Control","Control"
1954,"P7E1","Q21",279.543492805455,"Control","Historical",226.850941846526,"PSSP",0,"Control","Control"
1954,"P7E1","Q22",164.660567836392,"Control","Historical",226.850941846526,"PSSP",2,"Control","Control"
1954,"P7E1","Q19",115.315541282618,"Control","Historical",226.850941846526,"PSSP",3,"Control","Control"
1955,"E1","Q3",169.560531960999,"Control","Historical",143.883565102099,"PSSP",1,"Control","Control"
1955,"E1","Q5",201.043171847503,"Control","Historical",143.883565102099,"PSSP",1,"Control","Control"
1955,"E1","Q4",163.224086182466,"Control","Historical",143.883565102099,"PSSP",0,"Control","Control"
1955,"E1","Q1",75.6710302865203,"Control","Historical",143.883565102099,"PSSP",5,"Control","Control"
1955,"E1","Q6",140.756026748466,"Control","Historical",143.883565102099,"PSSP",1,"Control","Control"
1955,"E1","Q2",113.046543586638,"Control","Historical",143.883565102099,"PSSP",0,"Control","Control"
1955,"P1","Q12",366.002941959333,"Control","Historical",366.002941959333,"PSSP",1,"Control","Control"
1955,"P10E1","Q23",217.330687858273,"Control","Historical",167.6412907332,"PSSP",1,"Control","Control"
1955,"P10E1","Q25",156.100070017314,"Control","Historical",167.6412907332,"PSSP",2,"Control","Control"
1955,"P10E1","Q24",97.8745139765973,"Control","Historical",167.6412907332,"PSSP",3,"Control","Control"
1955,"P10E1","Q26",199.259891080615,"Control","Historical",167.6412907332,"PSSP",6,"Control","Control"
1955,"P1E1","Q8",158.417678117154,"Control","Historical",289.29180241062,"PSSP",1,"Control","Control"
1955,"P1E1","Q10",144.632764132759,"Control","Historical",289.29180241062,"PSSP",1,"Control","Control"
1955,"P1E1","Q9",176.544648187024,"Control","Historical",289.29180241062,"PSSP",0,"Control","Control"
1955,"P1E1","Q7",677.572119205542,"Control","Historical",289.29180241062,"PSSP",0,"Control","Control"
1955,"P7E1","Q20",176.854596524518,"Control","Historical",168.637308334541,"PSSP",2,"Control","Control"
1955,"P7E1","Q19",97.7651540126704,"Control","Historical",168.637308334541,"PSSP",0,"Control","Control"
1955,"P7E1","Q21",324.707479940929,"Control","Historical",168.637308334541,"PSSP",2,"Control","Control"
1955,"P7E1","Q22",75.222002860046,"Control","Historical",168.637308334541,"PSSP",0,"Control","Control"
1956,"P1","Q11",7.72446465082406,"Control","Historical",214.263795455317,"PSSP",2,"Control","Control"
1956,"P1","Q12",356.623509682228,"Control","Historical",214.263795455317,"PSSP",0,"Control","Control"
1956,"P1","Q13",55.2338320239025,"Control","Historical",214.263795455317,"PSSP",9,"Control","Control"
1956,"P1","Q14",437.473375464315,"Control","Historical",214.263795455317,"PSSP",8,"Control","Control"
1956,"P1E1","Q8",123.876779160853,"Control","Historical",385.843695122825,"PSSP",2,"Control","Control"
1956,"P1E1","Q7",817.478733772384,"Control","Historical",385.843695122825,"PSSP",1,"Control","Control"
1956,"P1E1","Q9",422.033356181842,"Control","Historical",385.843695122825,"PSSP",4,"Control","Control"
1956,"P1E1","Q10",179.98591137622,"Control","Historical",385.843695122825,"PSSP",0,"Control","Control"
1956,"P2","Q15",167.416034246451,"Control","Historical",128.938028657108,"PSSP",2,"Control","Control"
1956,"P2","Q16",111.414913614659,"Control","Historical",128.938028657108,"PSSP",0,"Control","Control"
1956,"P2","Q17",107.983138110215,"Control","Historical",128.938028657108,"PSSP",11,"Control","Control"
2007,"E1","Q1",314.017179443621,"Control","Modern",330.59155049562,"PSSP",1,"Modern","ControlModern"
2007,"E1","Q6",157.988119633511,"Control","Modern",330.59155049562,"PSSP",0,"Modern","ControlModern"
2007,"E1","Q4",564.593680880952,"Control","Modern",330.59155049562,"PSSP",0,"Modern","ControlModern"
2007,"E1","Q3",347.833557175817,"Control","Modern",330.59155049562,"PSSP",1,"Modern","ControlModern"
2007,"E1","Q5",255.347638371937,"Control","Modern",330.59155049562,"PSSP",1,"Modern","ControlModern"
2007,"E1","Q2",343.769127467879,"Control","Modern",330.59155049562,"PSSP",1,"Modern","ControlModern"
2007,"P10E1","Q26",396.336852675634,"Control","Modern",222.317842661667,"PSSP",0,"Modern","ControlModern"
2007,"P10E1","Q24",194.905126496989,"Control","Modern",222.317842661667,"PSSP",1,"Modern","ControlModern"
2007,"P10E1","Q25",53.743093363697,"Control","Modern",222.317842661667,"PSSP",0,"Modern","ControlModern"
2007,"P10E1","Q23",244.286298110347,"Control","Modern",222.317842661667,"PSSP",0,"Modern","ControlModern"
2007,"P7E1","Q20",119.084015755358,"Control","Modern",217.568327727993,"PSSP",0,"Modern","ControlModern"
2007,"P7E1","Q22",347.165721464279,"Control","Modern",217.568327727993,"PSSP",0,"Modern","ControlModern"
2007,"P7E1","Q19",316.476754259258,"Control","Modern",217.568327727993,"PSSP",0,"Modern","ControlModern"
2007,"P7E1","Q21",87.5468194330765,"Control","Modern",217.568327727993,"PSSP",0,"Modern","ControlModern"
2008,"E1","Q6",82.753855338673,"Control","Modern",191.661126142786,"PSSP",3,"Modern","ControlModern"
2008,"E1","Q1",133.575685215297,"Control","Modern",191.661126142786,"PSSP",0,"Modern","ControlModern"
2008,"E1","Q3",273.585947464858,"Control","Modern",191.661126142786,"PSSP",6,"Modern","ControlModern"
2008,"E1","Q5",180.343198571474,"Control","Modern",191.661126142786,"PSSP",0,"Modern","ControlModern"
2008,"E1","Q4",396.470021168343,"Control","Modern",191.661126142786,"PSSP",0,"Modern","ControlModern"
2008,"E1","Q2",83.23804909807,"Control","Modern",191.661126142786,"PSSP",2,"Modern","ControlModern"
2008,"P10E1","Q24",174.358602635426,"Control","Modern",182.698564064894,"PSSP",0,"Modern","ControlModern"
2008,"P10E1","Q26",259.11823540172,"Control","Modern",182.698564064894,"PSSP",2,"Modern","ControlModern"
2008,"P10E1","Q23",273.613760331647,"Control","Modern",182.698564064894,"PSSP",1,"Modern","ControlModern"
2008,"P10E1","Q25",23.703657890785,"Control","Modern",182.698564064894,"PSSP",1,"Modern","ControlModern"
2008,"P7E1","Q22",303.18927945217,"Control","Modern",191.259727686668,"PSSP",1,"Modern","ControlModern"
2008,"P7E1","Q20",191.249471650932,"Control","Modern",191.259727686668,"PSSP",0,"Modern","ControlModern"
2008,"P7E1","Q19",230.094999660365,"Control","Modern",191.259727686668,"PSSP",0,"Modern","ControlModern"
2008,"P7E1","Q21",40.5051599832045,"Control","Modern",191.259727686668,"PSSP",2,"Modern","ControlModern"
2009,"E1","Q3",354.992755108696,"Control","Modern",199.004646981117,"PSSP",5,"Modern","ControlModern"
2009,"E1","Q1",280.152112545702,"Control","Modern",199.004646981117,"PSSP",0,"Modern","ControlModern"
2009,"E1","Q2",113.800073347248,"Control","Modern",199.004646981117,"PSSP",4,"Modern","ControlModern"
2009,"E1","Q6",108.354238511572,"Control","Modern",199.004646981117,"PSSP",6,"Modern","ControlModern"
2009,"E1","Q4",157.511516935008,"Control","Modern",199.004646981117,"PSSP",2,"Modern","ControlModern"
2009,"E1","Q5",179.217185438475,"Control","Modern",199.004646981117,"PSSP",1,"Modern","ControlModern"
2009,"P10E1","Q23",197.621389170603,"Control","Modern",175.371977828764,"PSSP",1,"Modern","ControlModern"
2009,"P10E1","Q24",224.15220517797,"Control","Modern",175.371977828764,"PSSP",1,"Modern","ControlModern"
2009,"P10E1","Q26",263.62361618072,"Control","Modern",175.371977828764,"PSSP",2,"Modern","ControlModern"
2009,"P10E1","Q25",16.0907007857626,"Control","Modern",175.371977828764,"PSSP",0,"Modern","ControlModern"
2009,"P7E1","Q19",216.474300359915,"Control","Modern",171.218369398135,"PSSP",0,"Modern","ControlModern"
2009,"P7E1","Q22",318.872658456883,"Control","Modern",171.218369398135,"PSSP",0,"Modern","ControlModern"
2009,"P7E1","Q20",125.638527392585,"Control","Modern",171.218369398135,"PSSP",0,"Modern","ControlModern"
2009,"P7E1","Q21",23.8879913831575,"Control","Modern",171.218369398135,"PSSP",2,"Modern","ControlModern"
2010,"E1","Q1",286.802881912684,"Control","Modern",197.383913646302,"PSSP",2,"Modern","ControlModern"
2010,"E1","Q3",252.927022400582,"Control","Modern",197.383913646302,"PSSP",4,"Modern","ControlModern"
2010,"E1","Q2",64.0974313478336,"Control","Modern",197.383913646302,"PSSP",6,"Modern","ControlModern"
2010,"E1","Q5",247.012435979367,"Control","Modern",197.383913646302,"PSSP",21,"Modern","ControlModern"
2010,"E1","Q4",167.62757170385,"Control","Modern",197.383913646302,"PSSP",3,"Modern","ControlModern"
2010,"E1","Q6",165.836138533495,"Control","Modern",197.383913646302,"PSSP",2,"Modern","ControlModern"
2010,"P10E1","Q23",179.273079898848,"Control","Modern",168.311688949884,"PSSP",2,"Modern","ControlModern"
2010,"P10E1","Q26",303.756970933077,"Control","Modern",168.311688949884,"PSSP",1,"Modern","ControlModern"
2010,"P10E1","Q25",10.836998406489,"Control","Modern",168.311688949884,"PSSP",0,"Modern","ControlModern"
2010,"P10E1","Q24",179.379706561122,"Control","Modern",168.311688949884,"PSSP",0,"Modern","ControlModern"
2010,"P7E1","Q19",176.948858643873,"Control","Modern",148.35575525599,"PSSP",1,"Modern","ControlModern"
2010,"P7E1","Q20",108.547323098245,"Control","Modern",148.35575525599,"PSSP",0,"Modern","ControlModern"
2010,"P7E1","Q21",7.97808002236344,"Control","Modern",148.35575525599,"PSSP",5,"Modern","ControlModern"
2010,"P7E1","Q22",299.948759259479,"Control","Modern",148.35575525599,"PSSP",0,"Modern","ControlModern"
2011,"E1","Q39",121.029519994512,"Drought","Modern",125.011138540053,"PSSP",0,"Modern","Drought"
2011,"E1","Q46",29.4479375105695,"Drought","Modern",125.011138540053,"PSSP",2,"Modern","Drought"
2011,"E1","Q43",125.126271819838,"Drought","Modern",125.011138540053,"PSSP",2,"Modern","Drought"
2011,"E1","Q40",89.5836048474325,"Irrigation","Modern",125.011138540053,"PSSP",1,"Modern","Irrigation"
2011,"E1","Q4",98.1434970804875,"Control","Modern",125.011138540053,"PSSP",3,"Modern","ControlModern"
2011,"E1","Q31",90.8824158870355,"Drought","Modern",125.011138540053,"PSSP",0,"Modern","Drought"
2011,"E1","Q38",23.1308129506835,"Irrigation","Modern",125.011138540053,"PSSP",0,"Modern","Irrigation"
2011,"E1","Q28",492.009705372916,"Drought","Modern",125.011138540053,"PSSP",2,"Modern","Drought"
2011,"E1","Q1",136.383914777507,"Control","Modern",125.011138540053,"PSSP",1,"Modern","ControlModern"
2011,"E1","Q41",306.412409819408,"Drought","Modern",125.011138540053,"PSSP",0,"Modern","Drought"
2011,"E1","Q6",88.751428835969,"Control","Modern",125.011138540053,"PSSP",0,"Modern","ControlModern"
2011,"E1","Q2",42.393637329102,"Control","Modern",125.011138540053,"PSSP",3,"Modern","ControlModern"
2011,"E1","Q3",179.728316066345,"Control","Modern",125.011138540053,"PSSP",2,"Modern","ControlModern"
2011,"E1","Q45",305.919526407632,"Irrigation","Modern",125.011138540053,"PSSP",0,"Modern","Irrigation"
2011,"E1","Q34",119.203568673758,"Drought","Modern",125.011138540053,"PSSP",0,"Modern","Drought"
2011,"E1","Q33",39.268064441642,"Irrigation","Modern",125.011138540053,"PSSP",0,"Modern","Irrigation"
2011,"E1","Q5",204.666037150909,"Control","Modern",125.011138540053,"PSSP",8,"Modern","ControlModern"
2011,"E1","Q44",217.701001641274,"Irrigation","Modern",125.011138540053,"PSSP",1,"Modern","Irrigation"
2011,"E1","Q37",172.669409273597,"Drought","Modern",125.011138540053,"PSSP",0,"Modern","Drought"
2011,"E1","Q32",0.749999999999996,"Irrigation","Modern",125.011138540053,"PSSP",0,"Modern","Irrigation"
2011,"E1","Q27",237.461062000572,"Irrigation","Modern",125.011138540053,"PSSP",0,"Modern","Irrigation"
2011,"P10E1","Q25",30.0957367371945,"Control","Modern",122.924492682717,"PSSP",1,"Modern","ControlModern"
2011,"P10E1","Q24",59.296994708904,"Control","Modern",122.924492682717,"PSSP",0,"Modern","ControlModern"
2011,"P10E1","Q26",218.039106567053,"Control","Modern",122.924492682717,"PSSP",8,"Modern","ControlModern"
2011,"P10E1","Q23",184.266132717715,"Control","Modern",122.924492682717,"PSSP",0,"Modern","ControlModern"
2011,"P7E1","Q19",228.372466228657,"Control","Modern",149.633113397753,"PSSP",0,"Modern","ControlModern"
2011,"P7E1","Q21",1.25,"Control","Modern",149.633113397753,"PSSP",6,"Modern","ControlModern"
2011,"P7E1","Q22",290.476911272406,"Control","Modern",149.633113397753,"PSSP",1,"Modern","ControlModern"
2011,"P7E1","Q20",78.4330760899475,"Control","Modern",149.633113397753,"PSSP",0,"Modern","ControlModern"
2012,"E1","Q4",74.8992256145849,"Control","Modern",145.500261707111,"PSSP",2,"Modern","ControlModern"
2012,"E1","Q31",87.6021127407265,"Drought","Modern",145.500261707111,"PSSP",0,"Modern","Drought"
2012,"E1","Q43",118.049623978289,"Drought","Modern",145.500261707111,"PSSP",0,"Modern","Drought"
2012,"E1","Q40",166.083537850103,"Irrigation","Modern",145.500261707111,"PSSP",1,"Modern","Irrigation"
2012,"E1","Q45",376.098398067185,"Irrigation","Modern",145.500261707111,"PSSP",0,"Modern","Irrigation"
2012,"E1","Q28",249.799753491401,"Drought","Modern",145.500261707111,"PSSP",1,"Modern","Drought"
2012,"E1","Q41",217.419648552478,"Drought","Modern",145.500261707111,"PSSP",0,"Modern","Drought"
2012,"E1","Q6",235.068152689411,"Control","Modern",145.500261707111,"PSSP",0,"Modern","ControlModern"
2012,"E1","Q46",14.796174029492,"Drought","Modern",145.500261707111,"PSSP",0,"Modern","Drought"
2012,"E1","Q3",102.26519398574,"Control","Modern",145.500261707111,"PSSP",3,"Modern","ControlModern"
2012,"E1","Q39",69.8564296535995,"Drought","Modern",145.500261707111,"PSSP",1,"Modern","Drought"
2012,"E1","Q37",114.7768508938,"Drought","Modern",145.500261707111,"PSSP",0,"Modern","Drought"
2012,"E1","Q2",60.206393804151,"Control","Modern",145.500261707111,"PSSP",2,"Modern","ControlModern"
2012,"E1","Q1",144.732874081772,"Control","Modern",145.500261707111,"PSSP",4,"Modern","ControlModern"
2012,"E1","Q38",30.3297312764,"Irrigation","Modern",145.500261707111,"PSSP",0,"Modern","Irrigation"
2012,"E1","Q5",255.829730067008,"Control","Modern",145.500261707111,"PSSP",0,"Modern","ControlModern"
2012,"E1","Q27",213.981048242769,"Irrigation","Modern",145.500261707111,"PSSP",0,"Modern","Irrigation"
2012,"E1","Q34",126.416954205974,"Drought","Modern",145.500261707111,"PSSP",0,"Modern","Drought"
2012,"E1","Q44",292.098185263824,"Irrigation","Modern",145.500261707111,"PSSP",0,"Modern","Irrigation"
2012,"E1","Q33",22.5618142282935,"Irrigation","Modern",145.500261707111,"PSSP",0,"Modern","Irrigation"
2012,"P10E1","Q23",234.89525814685,"Control","Modern",120.075083190635,"PSSP",1,"Modern","ControlModern"
2012,"P10E1","Q26",185.354708017922,"Control","Modern",120.075083190635,"PSSP",1,"Modern","ControlModern"
2012,"P10E1","Q25",21.013131767731,"Control","Modern",120.075083190635,"PSSP",0,"Modern","ControlModern"
2012,"P10E1","Q24",39.0372348300375,"Control","Modern",120.075083190635,"PSSP",0,"Modern","ControlModern"
2012,"P7E1","Q20",75.5941847699775,"Control","Modern",100.099087450993,"PSSP",0,"Modern","ControlModern"
2012,"P7E1","Q19",126.582244191964,"Control","Modern",100.099087450993,"PSSP",0,"Modern","ControlModern"
2012,"P7E1","Q22",194.048468133137,"Control","Modern",100.099087450993,"PSSP",0,"Modern","ControlModern"
2012,"P7E1","Q21",4.17145270889399,"Control","Modern",100.099087450993,"PSSP",4,"Modern","ControlModern"
2013,"E1","Q43",244.735704968387,"Drought","Modern",197.412380900722,"PSSP",0,"Modern","Drought"
2013,"E1","Q31",266.496028836539,"Drought","Modern",197.412380900722,"PSSP",6,"Modern","Drought"
2013,"E1","Q3",188.226439917734,"Control","Modern",197.412380900722,"PSSP",9,"Modern","ControlModern"
2013,"E1","Q45",723.274390516181,"Irrigation","Modern",197.412380900722,"PSSP",0,"Modern","Irrigation"
2013,"E1","Q4",131.593336008307,"Control","Modern",197.412380900722,"PSSP",0,"Modern","ControlModern"
2013,"E1","Q38",31.411706765935,"Irrigation","Modern",197.412380900722,"PSSP",3,"Modern","Irrigation"
2013,"E1","Q28",384.0532417236,"Drought","Modern",197.412380900722,"PSSP",3,"Modern","Drought"
2013,"E1","Q46",20.1860287184765,"Drought","Modern",197.412380900722,"PSSP",9,"Modern","Drought"
2013,"E1","Q39",171.441028465132,"Drought","Modern",197.412380900722,"PSSP",9,"Modern","Drought"
2013,"E1","Q41",260.710436797728,"Drought","Modern",197.412380900722,"PSSP",2,"Modern","Drought"
2013,"E1","Q27",324.849106083859,"Irrigation","Modern",197.412380900722,"PSSP",0,"Modern","Irrigation"
2013,"E1","Q34",234.119001063012,"Drought","Modern",197.412380900722,"PSSP",7,"Modern","Drought"
2013,"E1","Q2",155.575401400829,"Control","Modern",197.412380900722,"PSSP",2,"Modern","ControlModern"
2013,"E1","Q37",213.031254403723,"Drought","Modern",197.412380900722,"PSSP",12,"Modern","Drought"
2013,"E1","Q40",405.49105925342,"Irrigation","Modern",197.412380900722,"PSSP",2,"Modern","Irrigation"
2013,"E1","Q6",190.679357372195,"Control","Modern",197.412380900722,"PSSP",3,"Modern","ControlModern"
2013,"E1","Q1",196.778258273455,"Control","Modern",197.412380900722,"PSSP",4,"Modern","ControlModern"
2013,"E1","Q44",579.111784351104,"Irrigation","Modern",197.412380900722,"PSSP",0,"Modern","Irrigation"
2013,"E1","Q33",13.001220257943,"Irrigation","Modern",197.412380900722,"PSSP",1,"Modern","Irrigation"
2013,"E1","Q5",321.621492431812,"Control","Modern",197.412380900722,"PSSP",3,"Modern","ControlModern"
2013,"E1","Q42",0.25,"Irrigation","Modern",197.412380900722,"PSSP",4,"Modern","Irrigation"
2013,"P10E1","Q23",149.471202045523,"Control","Modern",161.323633973162,"PSSP",1,"Modern","ControlModern"
2013,"P10E1","Q25",62.613702184421,"Control","Modern",161.323633973162,"PSSP",0,"Modern","ControlModern"
2013,"P10E1","Q26",345.915419701752,"Control","Modern",161.323633973162,"PSSP",4,"Modern","ControlModern"
2013,"P10E1","Q24",87.294211960953,"Control","Modern",161.323633973162,"PSSP",1,"Modern","ControlModern"
2013,"P7E1","Q19",141.524875949835,"Control","Modern",132.75240282586,"PSSP",3,"Modern","ControlModern"
2013,"P7E1","Q21",6.66162353162001,"Control","Modern",132.75240282586,"PSSP",0,"Modern","ControlModern"
2013,"P7E1","Q20",112.961336009783,"Control","Modern",132.75240282586,"PSSP",2,"Modern","ControlModern"
2013,"P7E1","Q22",269.861775812203,"Control","Modern",132.75240282586,"PSSP",0,"Modern","ControlModern"
2014,"E1","Q31",202.01894497838,"Drought","Modern",213.304293800796,"PSSP",4,"Modern","Drought"
2014,"E1","Q28",498.077437115823,"Drought","Modern",213.304293800796,"PSSP",2,"Modern","Drought"
2014,"E1","Q46",22.806936109795,"Drought","Modern",213.304293800796,"PSSP",6,"Modern","Drought"
2014,"E1","Q4",167.305409561624,"Control","Modern",213.304293800796,"PSSP",4,"Modern","ControlModern"
2014,"E1","Q3",221.755362329604,"Control","Modern",213.304293800796,"PSSP",4,"Modern","ControlModern"
2014,"E1","Q34",56.887276521921,"Drought","Modern",213.304293800796,"PSSP",1,"Modern","Drought"
2014,"E1","Q45",543.669918453167,"Irrigation","Modern",213.304293800796,"PSSP",1,"Modern","Irrigation"
2014,"E1","Q33",15.8640228068345,"Irrigation","Modern",213.304293800796,"PSSP",0,"Modern","Irrigation"
2014,"E1","Q40",273.209897135121,"Irrigation","Modern",213.304293800796,"PSSP",3,"Modern","Irrigation"
2014,"E1","Q27",221.858858911718,"Irrigation","Modern",213.304293800796,"PSSP",0,"Modern","Irrigation"
2014,"E1","Q38",32.07499394841,"Irrigation","Modern",213.304293800796,"PSSP",0,"Modern","Irrigation"
2014,"E1","Q39",201.974600213012,"Drought","Modern",213.304293800796,"PSSP",0,"Modern","Drought"
2014,"E1","Q42",1,"Irrigation","Modern",213.304293800796,"PSSP",0,"Modern","Irrigation"
2014,"E1","Q32",0.25,"Irrigation","Modern",213.304293800796,"PSSP",0,"Modern","Irrigation"
2014,"E1","Q1",126.130998664409,"Control","Modern",213.304293800796,"PSSP",0,"Modern","ControlModern"
2014,"E1","Q37",114.904607182753,"Drought","Modern",213.304293800796,"PSSP",13,"Modern","Drought"
2014,"E1","Q43",462.241567452642,"Drought","Modern",213.304293800796,"PSSP",1,"Modern","Drought"
2014,"E1","Q5",446.15407483627,"Control","Modern",213.304293800796,"PSSP",2,"Modern","ControlModern"
2014,"E1","Q2",154.011985425988,"Control","Modern",213.304293800796,"PSSP",3,"Modern","ControlModern"
2014,"E1","Q41",26.571632376299,"Drought","Modern",213.304293800796,"PSSP",2,"Modern","Drought"
2014,"E1","Q44",358.925170135236,"Irrigation","Modern",213.304293800796,"PSSP",6,"Modern","Irrigation"
2014,"E1","Q6",164.467931986879,"Control","Modern",213.304293800796,"PSSP",3,"Modern","ControlModern"
2014,"P10E1","Q23",329.8309905701,"Control","Modern",231.049627279711,"PSSP",1,"Modern","ControlModern"
2014,"P10E1","Q26",377.097512022318,"Control","Modern",231.049627279711,"PSSP",6,"Modern","ControlModern"
2014,"P10E1","Q25",76.5636059882035,"Control","Modern",231.049627279711,"PSSP",1,"Modern","ControlModern"
2014,"P10E1","Q24",140.706400538221,"Control","Modern",231.049627279711,"PSSP",0,"Modern","ControlModern"
2014,"P7E1","Q19",311.517764623825,"Control","Modern",273.541056040582,"PSSP",3,"Modern","ControlModern"
2014,"P7E1","Q20",102.35612032959,"Control","Modern",273.541056040582,"PSSP",5,"Modern","ControlModern"
2014,"P7E1","Q22",406.749283168331,"Control","Modern",273.541056040582,"PSSP",0,"Modern","ControlModern"
2015,"E1","Q43",103.073834440292,"Drought","Modern",202.403993307697,"PSSP",23,"Modern","Drought"
2015,"E1","Q4",157.76848645219,"Control","Modern",202.403993307697,"PSSP",10,"Modern","ControlModern"
2015,"E1","Q40",189.217515211926,"Irrigation","Modern",202.403993307697,"PSSP",4,"Modern","Irrigation"
2015,"E1","Q34",36.1658102486005,"Drought","Modern",202.403993307697,"PSSP",1,"Modern","Drought"
2015,"E1","Q31",103.462851702024,"Drought","Modern",202.403993307697,"PSSP",17,"Modern","Drought"
2015,"E1","Q46",6.8826468771705,"Drought","Modern",202.403993307697,"PSSP",25,"Modern","Drought"
2015,"E1","Q38",8.83921703703701,"Irrigation","Modern",202.403993307697,"PSSP",2,"Modern","Irrigation"
2015,"E1","Q27",211.196163760344,"Irrigation","Modern",202.403993307697,"PSSP",4,"Modern","Irrigation"
2015,"E1","Q45",218.10558645329,"Irrigation","Modern",202.403993307697,"PSSP",13,"Modern","Irrigation"
2015,"E1","Q39",62.542064350699,"Drought","Modern",202.403993307697,"PSSP",2,"Modern","Drought"
2015,"E1","Q28",154.170045325112,"Drought","Modern",202.403993307697,"PSSP",3,"Modern","Drought"
2015,"E1","Q44",283.016947437245,"Irrigation","Modern",202.403993307697,"PSSP",18,"Modern","Irrigation"
2015,"E1","Q6",147.149813124614,"Control","Modern",202.403993307697,"PSSP",2,"Modern","ControlModern"
2015,"E1","Q5",598.866242064644,"Control","Modern",202.403993307697,"PSSP",3,"Modern","ControlModern"
2015,"E1","Q33",26.3062064986895,"Irrigation","Modern",202.403993307697,"PSSP",3,"Modern","Irrigation"
2015,"E1","Q2",41.161111540262,"Control","Modern",202.403993307697,"PSSP",4,"Modern","ControlModern"
2015,"E1","Q3",148.189888493249,"Control","Modern",202.403993307697,"PSSP",2,"Modern","ControlModern"
2015,"E1","Q1",121.288418171222,"Control","Modern",202.403993307697,"PSSP",4,"Modern","ControlModern"
2015,"E1","Q41",28.796434541107,"Drought","Modern",202.403993307697,"PSSP",1,"Modern","Drought"
2015,"E1","Q37",72.333739600244,"Drought","Modern",202.403993307697,"PSSP",15,"Modern","Drought"
2015,"P10E1","Q26",379.554437490724,"Control","Modern",145.359265120873,"PSSP",4,"Modern","ControlModern"
2015,"P10E1","Q25",62.3795790045645,"Control","Modern",145.359265120873,"PSSP",32,"Modern","ControlModern"
2015,"P10E1","Q24",53.9451307637185,"Control","Modern",145.359265120873,"PSSP",8,"Modern","ControlModern"
2015,"P10E1","Q23",85.5579132244835,"Control","Modern",145.359265120873,"PSSP",3,"Modern","ControlModern"
2015,"P7E1","Q20",30.084378936096,"Control","Modern",88.1917514499037,"PSSP",6,"Modern","ControlModern"
2015,"P7E1","Q19",125.829392468369,"Control","Modern",88.1917514499037,"PSSP",1,"Modern","ControlModern"
2015,"P7E1","Q22",108.661482945246,"Control","Modern",88.1917514499037,"PSSP",1,"Modern","ControlModern"
